店家名,店家名(英),地區,縣市,地址,緯度,經度,營業時間(起),營業時間(迄),入住時間(起),入住時間(迄),退房時間(起),退房時間(迄),交通建議,周遭潛點,連結
Free Pilot自由領航員潛水中心,Free Pilot,中部地區,台中市,40350台中市西區中興ㄧ巷6號1樓,24.14752,120.6629,14:00,20:00,null,null,null,null,"開車自行前往
大眾運輸→高鐵台中站→365公車→步行→Free Pilot自由領航員潛水中心",墾丁、小琉球、龍洞,https://freepilot0701.wordpress.com/
台中意潛自由潛水 freediving,OneBreathe,中部地區,台中市,402台中市南區工學路59巷9號,24.11647,120.66597,null,null,null,null,null,null,"開車自行前往
大眾運輸→高鐵台中站→33公車→步行→台中意潛自由潛水 freediving",潛立方、小琉球、龍洞,http://www.onefreediving.com.tw/
海嬉潛水店 Ocean Fun Diving Shop, Ocean Fun Diving Shop,中部地區,台中市,40443台中市北區原子街154號,24.14894,120.677,14:00,21:30,null,null,null,null,"開車自行前往
大眾運輸→高鐵台中站→158公車→步行→海嬉潛水店 Ocean Fun Diving Shop",墾丁、小琉球、東北角,http://www.oceanfun.com.tw/
一起潛水訓練中心,Together Diving Center,中部地區,台中市,404台中市北區崇德路一段55號B2,24.15703,120.68411,12:00,20:00,null,null,null,null,"開車自行前往
大眾運輸→高鐵台中站→158公車→200中興幹線→步行→一起潛水訓練中心",綠島、小琉球、東北角,https://www.joindiving.com.tw/h/about?key=656715000196
台中潛立方,DIVECUBE CITY DIVING &HOTEL,中部地區,台中市,407台中市西屯區安和西路69號1樓,24.17627,120.62097,null,null,15:00,null,null,12:00,"開車自行前往
大眾運輸→高鐵台中站→161公車→步行→台中潛立方",潛立方,https://www.divecube.com.tw/page/about/index.aspx?kind=3&lang=TW#pro1
slowdive 漫潛,slowdive ,中部地區,台中市,404台中市北區美德街20號,24.15769,120.68435,13:00,21:00,null,null,null,null,"開車自行前往
大眾運輸→高鐵台中站→100復興幹線→步行→slowdive 漫潛",潛立方、小琉球,https://www.facebook.com/slowdive952/?locale=zh_TW
新竹潛水蟲 EOT 潛水訓練中心,E O T Diver Club,北部地區,新竹縣,304新竹縣新豐鄉仁愛街55巷25號,24.87598,120.99113,13:00,22:00,null,null,null,null,"開車自行前往
大眾運輸→新竹火車站→新豐火車站→步行→新竹潛水蟲 EOT 潛水訓練中心",東北角、小琉球,https://www.divingbugeot.com/
Tipsy Freediving 沉醉自潛,Tipsy Freediving,北部地區,新竹縣,302新竹縣竹北市博愛街507號,24.83929,121.01062,null,null,null,null,null,null,"開車自行前往
大眾運輸→新竹火車站→竹北火車站→步行→Tipsy Freediving 沉醉自潛",東北角、小琉球,https://www.instagram.com/tipsyfreediving/
藍灣潛水訓練中心,BLUE BAY DIVING,北部地區,新竹市,300新竹市東區明湖路400巷2-1號,24.7855,120.96713,10:00,22:00,null,null,null,null,"開車自行前往
大眾運輸→新竹火車站→73公車→步行→藍灣潛水訓練中心",東北角、小琉球,https://www.bbd.com.tw/%e9%97%9c%e6%96%bc%e8%97%8d%e7%81%a3%e6%bd%9b%e6%b0%b4/
作伙潛水訓練中心,null,北部地區,桃園市,33850桃園市蘆竹區五福六路53號,25.07149002,121.2951032,12:00,21:00,null,null,null,null,搭乘高鐵至板橋車站>搭乘板橋公車至長榮花園>步行四分鐘抵達,鼻頭角公園、龍洞灣、蚊子坑,https://divetogether.club/elements/pages/%e8%aa%8d%e8%ad%98%e4%bd%9c%e4%bc%99/
JBC潛水,JBC Diving Center,北部地區,桃園市,330桃園市桃園區南華街207號,25.00484159,121.3656497,09:00,23:00,null,null,null,null,搭乘高鐵至桃園站>搭乘客運至博愛路口>步行三分鐘抵達,蝙蝠洞公園、龍洞1號、龍洞3號,https://jbc-dive-shop.business.site/
巡航艦潛水,Cruiserdiving,北部地區,桃園市,330桃園市桃園區宏昌六街76號,24.9942515,121.297798,12:00,20:00,null,null,null,null,搭乘高鐵至高鐵桃園站>搭乘捷運至機場第二航廈>步行六分鐘至四月台/n>搭乘統聯至中山正光路口>步行六分鐘抵達,龍洞1.5號、龍洞4號、水晶宮,https://cruiserdiving.web66.com.tw/
夢想家潛水,A Dreamer Diving,北部地區,桃園市,334桃園市八德區忠勇三街87號,24.98180405,121.309471,00:00,23:59,null,null,null,null,搭乘高鐵至板橋車站>搭乘捷運至永寧站>搭乘客運至大成龍門社區/n>步行六分鐘抵達,龍洞灣、龍洞1.5號、象鼻岩放流區,https://www.dreamer-diving.com.tw/aboutus.htm
28度C潛水俱樂部,null,北部地區,桃園市,32093桃園市中壢區龍平三街6號,24.93698278,121.2565993,null,null,null,null,null,null,搭乘高鐵至高鐵桃園站>搭乘客運至中堅站 >步行十分鐘抵達,玫瑰花園、蝙蝠洞公園、鼻頭角公園,https://28c.business.site/
元氣潛水,null,北部地區,桃園市,330桃園市桃園區中平路34之1號,24.99197052,121.2909633,null,null,null,null,null,null,搭乘高鐵至高鐵桃園站>搭乘捷運至機場第二航廈>步行六分鐘至四月台/n>搭乘統聯至中山中平路口>步行三分鐘抵達,龍洞1.5號、龍洞3號、龍洞4號,https://www.facebook.com/people/%E5%85%83%E6%B0%A3%E6%BD%9B%E6%B0%B4%E5%9F%B9%E8%A8%93%E7%8F%AD/100057139282752/
湛藍(Into The Blue),Into the Blue,北部地區,桃園市,338桃園市蘆竹區忠孝東路17-3號4樓,25.04991345,121.2934328,09:00,18:00,null,null,null,null,搭乘高鐵至板橋車站>搭乘公車至長榮>步行六分鐘抵達,蝙蝠洞公園、龍洞1號、龍洞3號,https://chat.openai.com/?model=text-davinci-002-render-sha
亞太潛水訓練中心,Yeatay Diving Training Center,北部地區,桃園市,320桃園市中壢區龍岡路三段572號,24.94131613,121.2379503,11:00,21:00,null,null,null,null,搭乘高鐵至高鐵桃園站>搭乘客運至中壢客運總站>步行至中壢後火車站/n>搭乘客運至伯公廟>步行一分鐘抵達,龍洞灣、龍洞1.5號、象鼻岩放流區,https://www.facebook.com/yeataydiver/?locale=zh_TW
包捷潛水,null,北部地區,宜蘭縣,261宜蘭縣頭城鎮濱海路六段70號,24.97010843,121.9240208,09:00,21:00,null,null,null,null,搭乘高鐵至板橋車站>搭乘火車至大溪火車站>步行十九分鐘抵達,豆腐岬公園、粉鳥林,"https://www.google.com.tw/maps/place/%E5%8C%85%E6%8D%B7%E6%BD%9B%E6%B0%B4/@24.9433808,121.9002561,17z/data=!3m1!4b1!4m6!3m5!1s0x345d5f2b26d1ced1:0xa455ef0a2d969de!8m2!3d24.943376!4d121.902831!16s%2Fg%2F11fy1v3zdm?entry=ttu"
亞太遊艇-宜蘭龜山島,Sea Expert,北部地區,宜蘭縣,261宜蘭縣頭城鎮烏石巷遊艇碼頭,24.87156419,121.8379208,00:00,23:59,null,null,null,null,搭乘高鐵至南港火車站>搭乘火車至烏石港轉運站>步行七分鐘抵達,豆腐岬公園、粉鳥林,https://www.facebook.com/apyacht888/?locale=zh_TW
珊瑚海潛水,null,北部地區,宜蘭縣,270宜蘭縣蘇澳鎮,24.58647922,121.8789205,00:00,23:59,null,null,null,null,搭乘高鐵至板橋車站>搭乘火車至蘇澳新火車站/n>搭乘公車至豆腐岬風景區>步行兩分鐘抵達,豆腐岬公園、粉鳥林,https://coralseasup00692.rezio.shop/zh-TW
良友潛水,null,北部地區,基隆市,202基隆市中正區中正路598號,25.15705511,121.7669359,09:00,21:00,null,null,null,null,搭乘高鐵至台北車站>搭乘客運至基隆火車站/n>搭乘客運至二信分社>步行兩分鐘抵達,基隆潮境公園、祕密花園、花牆,https://www.facebook.com/people/%E8%89%AF%E5%8F%8B%E6%BD%9B%E6%B0%B4/100054622772268/
國傑工程企業有限公司,null,北部地區,基隆市,202基隆市中正區北寧路362-1號,25.13971217,121.7923281,09:00,17:00,null,null,null,null,搭乘高鐵至台北車站>搭乘客運至基隆火車站/n>搭乘客運至嶺林港>步行一分鐘抵達,鋼鐵礁、海建號沈船、油庫口,"https://www.google.com.tw/maps/place/%E5%9C%8B%E5%82%91%E5%B7%A5%E7%A8%8B%E4%BC%81%E6%A5%AD%E6%9C%89%E9%99%90%E5%85%AC%E5%8F%B8/@25.1400249,121.789941,17z/data=!3m1!4b1!4m6!3m5!1s0x345d4f9e65b498b5:0x87666d5a4be211c1!8m2!3d25.1400201!4d121.7925159!16s%2Fg%2F1pzpj0ps8?entry=ttu"
利峰國際潛水,null,北部地區,基隆市,202基隆市中正區北寧路275巷12號,25.14046974,121.7938945,09:00,17:00,null,null,null,null,搭乘高鐵至板橋車站>搭乘火車至瑞芳車站/n>搭乘客運至嶺林港>步行一分鐘抵達,基隆平浪橋、花園二號、鋼鐵屋,https://www.facebook.com/LF8888/
潮海致境潛水中心,Chaojing,北部地區,基隆市,202301基隆市中正區北寧路396巷6號,25.13997441,121.7970879,07:30,18:00,null,null,null,null,搭乘高鐵至板橋車站>搭乘火車至瑞芳車站/n>搭乘客運至八斗子>步行一分鐘抵達,花牆、鋼鐵礁、鋼鐵屋,https://elmodiving.com/
揪潛水,null,北部地區,基隆市,202基隆市中正區北寧路424號,25.14044061,121.7981179,null,null,null,null,null,null,搭乘高鐵至板橋車站>搭乘捷運至市政府/n>搭乘客運至調和市場>步行四分鐘抵達,祕密花園、花牆、鋼鐵礁,https://www.facebook.com/divemateclub/?locale=zh_TW
東北角潛水客棧,Divers Inn,北部地區,新北市,228新北市貢寮區龍洞街64號,25.11929712,121.9237502,07:00,21:00,null,null,null,null,搭乘高鐵至台北車站>搭乘火車至松山車站>搭乘客運至金瓜石/n>搭乘公車至龍洞灣公園>步行一分鐘抵達,蚊子坑、水晶宮、玫瑰花園,https://inn.divers.com.tw/
88K潛水中心,null,北部地區,新北市,228新北市貢寮區龍洞街60-3號 ,25.11803428,121.9143847,06:00,18:00,null,null,null,null,搭乘高鐵至台北車站>搭乘火車至松山車站>搭乘客運至金瓜石/n>搭乘公車至龍洞灣公園>步行兩分鐘抵達,龍洞2號、龍洞3號、龍洞4號,https://www.facebook.com/profile.php?id=234376976577757&paipv=0&eav=Afbd5KVzycZv1BsGqL5hbUd4vS174TFbNK8wUYCoD_G2JLq-raz2FXyDih4ljE-FryU&_rdr
神豬海底漫遊潛水訓練中心,null,北部地區,新北市,221新北市汐止區水源路一段155號1樓,25.06723098,121.6631848,09:00,21:00,null,null,null,null,搭乘高鐵至台北車站>搭乘火車至汐止車站>步行十分鐘抵達,蝙蝠洞公園、龍洞1號、龍洞3號,https://www.facebook.com/G.P.diving/?locale=zh_TW
四分之一潛水訓練中心,Quarter Diving,北部地區,新北市,24149新北市三重區河邊北街108號,25.08515231,121.5061375,13:00,21:00,null,null,null,null,搭乘高鐵至台北車站>搭乘客運至長生街口>步行九分鐘抵達,龍洞灣、龍洞1號、龍洞1.5號,https://www.quarter-diving.com/
飛漩潛水,Fashion Diving,北部地區,新北市,247新北市蘆洲區中山二路137巷9號1樓,25.10837306,121.474786,13:00,21:00,null,null,null,null,搭乘高鐵至台北車站>搭乘客運至民生街口>步行三分鐘抵達,鼻頭角公園、蝙蝠洞公園、水晶宮,https://www.facebook.com/fashionscubadiving/
悠潛潛水,U-Diving,北部地區,新北市,242新北市新莊區頭前路No. 60-3號,25.05891354,121.4684916,14:00,20:00,null,null,null,null,搭乘高鐵至台北車站>搭乘客運至頭前國小>步行兩分鐘抵達,龍洞灣、水晶宮、象鼻岩放流點,https://www.u-diving.com.tw/index.html
海玩子潛水訓練中心,null,北部地區,新北市,220新北市板橋區光武街136巷8弄6號1樓,25.03776326,121.4652985,11:00,21:00,null,null,null,null,搭乘高鐵至板橋車站>步行至新民里>搭乘客運至長生路>步行九分鐘抵達,龍洞2號、龍洞3號、龍洞4號,https://www.facebook.com/profile.php?id=100054868325384
台灣潛水Taipei,Taiwan Diving Center,北部地區,新北市,220新北市板橋區縣民大道三段187巷14號,25.032514,121.4922064,15:00,21:00,null,null,null,null,搭乘高鐵至板橋車站>搭乘客運至雙十路口>步行兩分鐘抵達,蝙蝠洞公園、龍洞1號、龍洞3號,https://www.taiwan-dive.com/
藍星海洋潛水俱樂部,Bluegalaxsea,北部地區,新北市,235新北市中和區南山路27號,25.00422248,121.5028494,11:00,20:00,null,null,null,null,搭乘高鐵至板橋車站>搭乘客運至廟美里>步行六分鐘抵達,龍洞2號、龍洞3號、龍洞4號,https://www.bluegalaxsea.com/#/
52龍洞/52LDNAUI Diving Center,52LDNAUI Diving Center,北部地區,新北市,228新北市貢寮區龍洞街52號,25.11529482,121.9155849,06:00,21:00,null,null,null,null,搭乘高鐵至板橋車站>搭乘火車至七堵車站>搭乘火車至瑞芳火車站/n>搭乘客運至龍洞街口>步行兩分鐘抵達,鼻頭角公園、蝙蝠洞公園、水晶宮,https://www.facebook.com/52LDNAUI/?locale=zh_TW
Bai-Hi潛水休閒中心,null,北部地區,新北市,228新北市貢寮區和美街71號,25.07852937,121.9211979,10:00,20:30,null,null,null,null,搭乘高鐵至板橋車站>搭乘火車至七堵車站>搭乘火車至福隆車站/n>搭乘客運至金沙灣>步行兩分鐘抵達,龍洞灣、龍洞1.5號、象鼻岩放流區,https://www.facebook.com/balihidive/?locale=zh_TW
逐海俱樂部,null,北部地區,新北市,241新北市三重區富華街81號1樓,25.08806695,121.5030189,15:00,23:30,null,null,null,null,搭乘高鐵至台北車站>搭乘客運至慈化公園>步行六分鐘抵達,水晶宮、象鼻岩放流點、玫瑰花園,https://www.facebook.com/oceantracerclub/
88潛水俱樂部,null,北部地區,新北市,23578新北市中和區景德街88號,24.99879676,121.5373512,null,null,null,null,null,null,搭乘高鐵至板橋車站>搭乘捷運至景平>步行三分鐘抵達,蚊子坑、水晶宮、玫瑰花園,https://www.facebook.com/88fundiving/?locale=zh_TW
891新莊潛水家,null,北部地區,新北市,242新北市新莊區中正路891之29號2樓,25.0399601,121.3634028,10:00,20:00,null,null,null,null,搭乘高鐵至板橋車站>搭乘火車至樹林車站>搭乘客運至中正龍安路口/n>步行兩分鐘抵達,龍洞2號、蚊子坑、水晶宮,https://www.facebook.com/891DIVING/
海底玩家潛水訓練中心,Under Sea Player center,北部地區,新北市,234新北市永和區中山路一段193-1號,25.02047434,121.5436792,12:30,20:30,null,null,null,null,搭乘高鐵至板橋車站>搭乘客運至保生路口>步行四分鐘抵達,蝙蝠洞公園、龍洞1號、龍洞3號,https://www.facebook.com/uspc.diving
鬥陣潛水,null,北部地區,台北市,115台北市南港區玉成街40號,25.05658804,121.5845202,10:00,22:00,null,null,null,null,搭乘高鐵至台北車站>搭乘火車至松山車站>步行四分鐘抵達,蚊子坑、水晶宮、龍洞灣,https://www.joindiving.com.tw/h/Index?key=656715000196&gclid=Cj0KCQjwzdOlBhCNARIsAPMwjbxb__UgSlVu-7xd-rWRlV15_s0RB_u4bI0270t9NiBFE3NMNQSwBiEaApAAEALw_wcB
亞潮潛水中心,null,北部地區,台北市,116台北市文山區興隆路一段235號,25.00098942,121.5656797,13:30,21:30,null,null,null,null,搭乘高鐵至台北車站>搭乘客運至憲光公寓>步行一分鐘抵達,水晶宮、象鼻岩放流點、玫瑰花園,https://subtidal.divers.com.tw/
iDiving愛潛水,iDiving,北部地區,台北市,111台北市士林區前港街8號,25.09927945,121.5339093,14:00,22:00,null,null,null,null,搭乘高鐵至台北車站>搭乘客運至捷運劍潭站>步行五分鐘抵達,龍洞2號、蚊子坑、水晶宮,https://www.idiving.com.tw/#/
台灣潛伴俱樂部,Taiwan Dive Buddy,北部地區,台北市,111台北市士林區中山北路五段735號1號樓號,25.10294377,121.5255641,10:00,19:00,null,null,null,null,搭乘高鐵至台北車站>步行至行政院>搭乘客運至福林國小>步行六分鐘抵達,蚊子坑、水晶宮、玫瑰花園,https://www.taiwandivebuddy.com/aboutus
台灣樂潛 潛水中心,Taipei FunDive,北部地區,台北市,104台北市中山區農安街125巷2號,25.07189738,121.5419232,10:00,21:00,null,null,null,null,搭乘高鐵至台北車站>搭乘客運至民權吉林路口>步行五分鐘抵達,蝙蝠洞公園、龍洞1號、龍洞3號,https://www.facebook.com/TaipeiFunDive/
太平洋潛水中心,Pacific Diving Center,北部地區,台北市,115台北市南港區南港路三段80巷65號,25.05836032,121.595107,11:00,23:00,null,null,null,null,搭乘高鐵至南港火車站>搭乘客運至玉成國小>步行四分鐘抵達,龍洞2號、蚊子坑、水晶宮,https://www.twpdc.com/aboutus.html
1988潛水家,null,北部地區,台北市,10586台北市松山區健康路408號1樓,25.05698917,121.562238,10:00,21:00,null,null,null,null,搭乘高鐵至南港火車站>搭乘客運至南松山>步行五分鐘抵達,鼻頭角公園、蝙蝠洞公園、水晶宮,https://www.1988.url.tw/info.html
PADI Diving Center/花蓮潛水協會/花蓮救生協會-會址,,東部地區,花蓮縣,970花蓮縣花蓮市富裕二街169號,23.99659689,121.6009852,,,,,,,,,
浪潛水旅行Wave Dive Trips/潛水/SUP立槳/溯溪/原住民文化生活體驗/戶外運動,Wave Dive Trips,東部地區,花蓮縣,977花蓮縣豐濱鄉港口石梯坪33 號,23.48273167,121.5094543,null,null,null,null,null,null,"開車自行前往
大眾運輸→花蓮火車站→1145公車→步行→花蓮浪潛水旅行Wave Dive Trips",墾丁、綠島、蘭嶼,https://www.facebook.com/wavedivetrip/?locale=zh_TW
和平潛水,Peace Diving,東部地區,花蓮縣,970花蓮縣花蓮市和平路341號,23.97345173,121.6036568,08:00,22:30,null,null,null,null,"開車自行前往
大眾運輸→花蓮火車站→步行→市立圖書館→1132公車→步行→和平潛水",墾丁、綠島、蘭嶼,http://peace.pgo.tw/?id=595881#pgo
好野人休閒事業有限公司,null,東部地區,花蓮縣,970花蓮縣花蓮市水源街79巷8號,23.98564623,121.617556,07:00,20:00,null,null,null,null,"開車自行前往
大眾運輸→花蓮火車站→1136公車→步行→好野人休閒事業有限公司",墾丁、綠島、蘭嶼,https://www.wilds.com.tw/company
東河潛水,DONGHE DIVING,東部地區,台東縣,959台東縣東河鄉東河村13鄰364號,22.96987012,121.3035186,09:00,18:00,null,null,null,null,"開車自行前往
大眾運輸→臺東火車站→8101經台東大橋→步行→東河潛水",三仙台白礁、基翬,https://www.facebook.com/donghediving/?locale=zh_TW
海灣潛水 Bay Dive,Bay Dive,外島/離島地區,台東縣,951台東縣綠島鄉漁港10-3號,22.66116764,121.4743589,08:00,18:00,15:00,null,null,10:00,"開車自行前往
大眾運輸→臺東火車站→8101A台灣好行東部海岸線郵輪式→步行→台東富岡漁港→綠島南寮漁港→步行→海灣潛水",石朗、柴口、中寮港,https://www.facebook.com/BayDiveCenter/
綠島熱浪潛水中心,VENUS DIVE CENTER,外島/離島地區,台東縣,951台東縣綠島鄉216之1號,22.67430547,121.4774551,08:00,17:00,null,null,null,null,"開車自行前往
大眾運輸→臺東火車站→8101A台灣好行東部海岸線郵輪式→步行→台東富岡漁港→綠島南寮漁港→步行→綠島熱浪潛水中心",石朗、柴口、中寮港,https://www.facebook.com/VenusDiveCenter/?locale=zh_TW
綠島庫達潛水社,Cool Diving,外島/離島地區,台東縣,951台東縣綠島鄉中寮村52-1號,22.67304707,121.4727135,09:00,22:00,null,null,null,null,"開車自行前往
大眾運輸→臺東火車站→8101A台灣好行東部海岸線郵輪式→步行→台東富岡漁港→綠島南寮漁港→步行→綠島庫達潛水社",石朗、柴口、中寮港,https://cool-diving.com/about-us/
好朋友潛水渡假旅宿 Goodfriend Dive B&an,null,外島/離島地區,台東縣,951台東縣綠島鄉公館村柴口62-26號,22.67698636,121.4835819,null,null,null,null,null,null,"開車自行前往
大眾運輸→臺東火車站→8101A台灣好行東部海岸線郵輪式→步行→台東富岡漁港→綠島南寮漁港→步行→好朋友潛水渡假旅宿 Goodfriend Dive B&an)",石朗、柴口、中寮港,https://www.facebook.com/goodfriend520941/?locale=zh_TW
火燒島潛水度假中心,null,外島/離島地區,台東縣,951台東縣綠島鄉南寮村239-1號,22.67298294,121.4682027,00:00,23:59,13:00,null,null,10:00,"開車自行前往
大眾運輸→臺東火車站→8101A台灣好行東部海岸線郵輪式→步行→台東富岡漁港→綠島南寮漁港→步行→火燒島潛水度假中心",石朗、柴口、中寮港,https://www.facebook.com/fireislands/
台灣潛水 綠島店 Green Island Dive, Green Island Dive,外島/離島地區,台東縣,951台東縣綠島鄉一零三之一號,22.67693404,121.4873417,08:00,18:00,14:00,null,null,11:00,"開車自行前往
大眾運輸→臺東火車站→8101A台灣好行東部海岸線郵輪式→步行→台東富岡漁港→綠島南寮漁港→步行→台灣潛水 綠島店 Green Island Dive",石朗、柴口、中寮港,https://www.greenisland-dive.com/
浪漫潛水,null,外島/離島地區,台東縣,95142台東縣綠島鄉951柴口168號,22.67747477,121.4853451,08:00,00:00,null,null,null,null,"開車自行前往
大眾運輸→臺東火車站→8101A台灣好行東部海岸線郵輪式→步行→台東富岡漁港→綠島南寮漁港→步行→浪漫潛水",石朗、柴口、中寮港,https://www.facebook.com/joindiving.greenisland/
藍洋潛水訓練中心 Blue Ocean SCUBA Center,Blue Ocean SCUBA Center,外島/離島地區,台東縣,952台東縣蘭嶼鄉,22.05781691,121.5096027,07:30,18:00,15:00,null,null,10:00,"開車自行前往
大眾運輸→臺東火車站→8109公車→步行→台東富岡漁港→蘭嶼開元漁港→步行→藍洋潛水訓練中心 Blue Ocean SCUBA Center",椰油浮潛區、七號涼亭,http://www.blueocean-lanyu.tw/about-page57
綠島海角樂園水上活動中心,,外島/離島地區,台東縣,"綠島鄉南寮村39號, Taitung, Taiwan ",22.66577849,121.4711462,,,,,,,,,
"Oceanian 綠島自由潛水背包客棧 Green island,Taiwan",Oceanian,外島/離島地區,台東縣,951台東縣綠島鄉柴口79-1 ,22.67705622,121.4862066,00:00,23:59,null,null,null,null,"開車自行前往
大眾運輸→臺東火車站→8101A台灣好行東部海岸線郵輪式→步行→台東富岡漁港→綠島南寮漁港→步行→海子・Ocean Rover 綠島潛水旅宿",石朗、柴口、中寮港,https://www.oceaniangreenisland.com/about/
潛。無極 Moji Dive,Moji Dive,外島/離島地區,台東縣,台灣台東縣綠島鄉南寮漁港綠島50號,22.66487039,121.4713626,00:00,23:59,null,null,null,null,"開車自行前往
大眾運輸→臺東火車站→8101A台灣好行東部海岸線郵輪式→步行→台東富岡漁港→綠島南寮漁港→步行→潛。無極 Moji Dive",石朗、柴口、中寮港,https://mojidive.com/about-us/
島潛。Islands Dive,Islands Dive,外島/離島地區,台東縣,951台東縣綠島鄉南寮漁港15-6號,22.66216209,121.4734537,08:00,17:00,15:00,18:00,10:30,11:00,"開車自行前往
大眾運輸→臺東火車站→8101A台灣好行東部海岸線郵輪式→步行→台東富岡漁港→綠島南寮漁港→步行→島潛。Islands Dive",石朗、柴口、中寮港,https://zh.taiwanislandsdive.com/
聯慶愛潛水 Green Island Scuba Diving, Green Island Scuba Diving,外島/離島地區,台東縣,951台東縣綠島鄉漁港 路2-6 號,22.65769772,121.4753426,08:00,17:00,14:00,null,null,10:00,"開車自行前往
大眾運輸→臺東火車站→8101A台灣好行東部海岸線郵輪式→步行→台東富岡漁港→綠島南寮漁港→步行→聯慶愛潛水 Green Island Scuba Diving",石朗、柴口、中寮港,https://lianchinq.ego.tw/multimedia2.html
私家潛水旅宿,S+Home,外島/離島地區,台東縣,951台東縣綠島鄉公館村公館村柴口26-2號,22.67402253,121.4783265,08:00,22:00,14:00,null,null,12:00,"開車自行前往
大眾運輸→臺東火車站→8101A台灣好行東部海岸線郵輪式→步行→台東富岡漁港→綠島南寮漁港→步行→私家潛水旅宿",石朗、柴口、中寮港,https://shomehostel.wixsite.com/shome/%E7%B6%A0%E5%B3%B6%E6%BD%9B%E6%B0%B4
綠島極光潛水,JIGUANG DIVE,外島/離島地區,台東縣,951台東縣綠島鄉39號,22.67443586,121.479176,null,null,13:00,null,null,10:00,"開車自行前往
大眾運輸→臺東火車站→8101A台灣好行東部海岸線郵輪式→步行→台東富岡漁港→綠島南寮漁港→步行→綠島極光潛水",石朗保護區、海底郵筒、十字架,http://www.jiguangdive.com/
愛潛客潛水社,null,外島/離島地區,台東縣,951台東縣綠島鄉227-1號,22.67421072,121.4744721,null,null,null,null,null,null,"開車自行前往
大眾運輸→臺東火車站→8101A台灣好行東部海岸線郵輪式→步行→台東富岡漁港→綠島南寮漁港→步行→愛潛客潛水社",石朗保護區、海底郵筒、十字架,https://www.facebook.com/greenislandscubadivingclub/
海子‧Ocean Rover 綠島潛水旅宿,Ocean Rover ,外島/離島地區,台東縣,951台東縣綠島鄉柴口105-1號,22.67685576,121.4875775,00:00,23:59,null,null,null,null,"開車自行前往
大眾運輸→臺東火車站→8101A台灣好行東部海岸線郵輪式→步行→台東富岡漁港→綠島南寮漁港→步行→海子・Ocean Rover 綠島潛水旅宿",石朗保護區、海底郵筒、十字架,https://greenislandzine.com/homestays/%E6%B5%B7%E5%AD%90%E3%83%BBocean-rover-%E7%B6%A0%E5%B3%B6%E6%BD%9B%E6%B0%B4%E6%97%85%E5%AE%BF/
海洋之星潛水俱樂部,ocean star,外島/離島地區,台東縣,951台東縣綠島鄉18-1號,22.66536167,121.4716207,08:00,23:30,15:00,null,null,10:00,"開車自行前往
大眾運輸→臺東火車站→8101A台灣好行東部海岸線郵輪式→步行→台東富岡漁港→綠島南寮漁港→步行→海洋之星潛水俱樂部",石朗保護區、海底郵筒、十字架,https://www.facebook.com/oceanstar.club/?locale=zh_TW
綠島潛水出租店,null,外島/離島地區,台東縣,951台東縣綠島鄉漁港26號之1號,22.66339712,121.4726111,06:30,17:00,14:00,null,null,10:00,"開車自行前往
大眾運輸→臺東火車站→8101A台灣好行東部海岸線郵輪式→步行→台東富岡漁港→綠島南寮漁港→步行→綠島潛水出租店",石朗保護區、海底郵筒、十字架,無
綠島飛魚潛水,AIRFISH DIVING CENTER,外島/離島地區,台東縣,951台東縣綠島鄉?港路1-2號,22.65780014,121.4755933,null,null,null,null,null,null,"開車自行前往
大眾運輸→臺東火車站→8101A台灣好行東部海岸線郵輪式→步行→台東富岡漁港→綠島南寮漁港→步行→綠島飛魚潛水",石朗保護區、海底郵筒、十字架,https://www.facebook.com/diveairfish/?locale=zh_TW
Goods dive,Goods dive,外島/離島地區,台東縣,951台東縣綠島鄉52之51,22.67112564,121.4731656,07:30,00:00,null,null,null,null,"開車自行前往
大眾運輸→臺東火車站→8101A台灣好行東部海岸線郵輪式→步行→台東富岡漁港→綠島南寮漁港→步行→Goods dive",石朗保護區、海底郵筒、十字架,https://www.instagram.com/goodsdive/
水青潛水旅宿,Water blue,外島/離島地區,台東縣,951台東縣綠島鄉漁港16-2號,22.66256666,121.4734194,07:00,23:00,15:00,null,null,10:00,"開車自行前往
大眾運輸→臺東火車站→8101A台灣好行東部海岸線郵輪式→步行→台東富岡漁港→綠島南寮漁港→步行→水青潛水旅宿",石朗保護區、海底郵筒、十字架,https://www.instagram.com/waterblue_dive/
Diving.come,Diving.come,外島/離島地區,台東縣,951台東縣綠島鄉漁港1-60號,22.65512605,121.4750758,08:00,18:00,null,null,null,null,"開車自行前往
大眾運輸→臺東火車站→8101A台灣好行東部海岸線郵輪式→步行→台東富岡漁港→綠島南寮漁港→步行→Diving.come",石朗保護區、海底郵筒、十字架,https://www.facebook.com/Dive.come1919/
夏潛趣潛水中心,Summer Fun Diving Center,外島/離島地區,台東縣,951台東縣綠島鄉中寮35-1號,22.6743342,121.4702112,08:00,17:00,null,null,null,null,"開車自行前往
大眾運輸→臺東火車站→8101A台灣好行東部海岸線郵輪式→步行→台東富岡漁港→綠島南寮漁港→步行→夏潛趣潛水中心",石朗保護區、海底郵筒、十字架,https://www.facebook.com/summerfundivingcenter/?locale=zh_TW
安全停留潛水中心,SSD,外島/離島地區,台東縣,951台東縣綠島鄉環島公路15-3號,22.65955399,121.4753885,09:00,18:00,null,null,null,null,"開車自行前往
大眾運輸→臺東火車站→8101A台灣好行東部海岸線郵輪式→步行→台東富岡漁港→綠島南寮漁港→步行→安全停留潛水中心",石朗保護區、海底郵筒、十字架,https://www.safetystopdiver.net/
綠島-潛很大 Dive La Vie, Dive La Vie,外島/離島地區,台東縣,"台東縣綠島鄉中寮村, Taitung, Taiwan",22.67279072,121.4717638,09:00,17:00,null,null,null,null,"開車自行前往
大眾運輸→臺東火車站→8101A台灣好行東部海岸線郵輪式→步行→台東富岡漁港→綠島南寮漁港→步行→綠島-潛很大 Dive La Vie",石朗保護區、海底郵筒、十字架,https://www.instagram.com/divelavie/
綠島 樂潛殿,HAPPY DIVING,外島/離島地區,台東縣,951台東縣綠島鄉漁港2之7號,22.65721508,121.4752099,09:00,21:00,null,null,null,null,"開車自行前往
大眾運輸→臺東火車站→8101A台灣好行東部海岸線郵輪式→步行→台東富岡漁港→綠島南寮漁港→步行→綠島樂潛殿",藍洞、鋼鐵礁、大白沙,https://www.facebook.com/GreenislandHappyDiving/?locale=zh_TW
五米的藍潛水工作室,Underblue5,外島/離島地區,台東縣,951台東縣綠島鄉柴口170-2號,22.677346,121.4861092,08:00,18:00,null,null,null,null,"開車自行前往
大眾運輸→臺東火車站→8101A台灣好行東部海岸線郵輪式→步行→台東富岡漁港→綠島南寮漁港→步行→五米的藍潛水工作室",藍洞、鋼鐵礁、大白沙,https://www.underblue5.com/about-us
綠島野蠻紮實潛水社,Just Wild Dive Center,外島/離島地區,台東縣,951303台東縣綠島鄉公?1之10號,22.67683566,121.4892855,08:00,20:00,14:00,22:00,04:00,10:00,"開車自行前往
大眾運輸→臺東火車站→8101A台灣好行東部海岸線郵輪式→步行→台東富岡漁港→綠島南寮漁港→步行→綠島野蠻紮實潛水社",藍洞、鋼鐵礁、大白沙,https://sites.google.com/view/justwilddivecenter/%E9%A6%96%E9%A0%81/%E8%AA%8D%E8%AD%98%E9%87%8E%E8%A0%BB
綠島-飛航模室潛水旅宿 Green lsland Airplane mode Hostel, Green lsland Airplane mode Hostel,外島/離島地區,台東縣,951台東縣綠島鄉南寮205-1號,22.67152587,121.4675795,00:00,23:59,null,null,null,null,"開車自行前往
大眾運輸→臺東火車站→8101A台灣好行東部海岸線郵輪式→步行→台東富岡漁港→綠島南寮漁港→步行→綠島-飛航模室潛水旅宿 Green lsland Airplane mode Hostel",藍洞、鋼鐵礁、大白沙,https://www.facebook.com/Airplanemodehostel/
綠島 海遇潛水,Seagather,外島/離島地區,台東縣,951台東縣綠島鄉221號,22.6742334,121.4746542,08:00,22:00,14:00,null,null,10:00,"開車自行前往
大眾運輸→臺東火車站→8101A台灣好行東部海岸線郵輪式→步行→台東富岡漁港→綠島南寮漁港→步行→綠島 海遇潛水",藍洞、鋼鐵礁、大白沙,https://2022seagather.weebly.com/
勝宏浮潛,null,外島/離島地區,台東縣,951台東縣綠島鄉漁港7號,22.66086106,121.4746683,08:00,21:00,null,null,null,null,"開車自行前往
大眾運輸→臺東火車站→8101A台灣好行東部海岸線郵輪式→步行→台東富岡漁港→綠島南寮漁港→步行→勝宏浮潛",藍洞、鋼鐵礁、大白沙,https://www.facebook.com/people/%E7%B6%A0%E5%B3%B6%E5%8B%9D%E5%AE%8F%E6%B5%AE%E6%BD%9B%E7%A4%BE/100064026726140/
Hao想潛水,Hao,外島/離島地區,台東縣,951台東縣綠島鄉188～3號,22.67723646,121.4888554,09:00,17:00,null,null,null,null,"開車自行前往
大眾運輸→臺東火車站→8101A台灣好行東部海岸線郵輪式→步行→台東富岡漁港→綠島南寮漁港→步行→Hao想潛水 ",藍洞、鋼鐵礁、大白沙,https://www.facebook.com/HaosDiving/
Koh ocean · 嶼海 綠島自由潛水旅宿,Koh ocean ,外島/離島地區,台東縣,951台東縣綠島鄉16號,22.67561686,121.4903798,08:00,21:00,null,null,null,null,"開車自行前往
大眾運輸→臺東火車站→8101A台灣好行東部海岸線郵輪式→步行→台東富岡漁港→綠島南寮漁港→步行→Koh ocean · 嶼海 綠島自由潛水旅宿",藍洞、鋼鐵礁、大白沙,https://www.kohocean.com/
綠島海灣會館,null,外島/離島地區,台東縣,951台東縣綠島鄉漁港路10之5號,22.66106982,121.4744906,00:00,23:59,15:00,null,null,10:00,"開車自行前往
大眾運輸→臺東火車站→8101A台灣好行東部海岸線郵輪式→步行→台東富岡漁港→綠島南寮漁港→步行→綠島海灣會館",藍洞、鋼鐵礁、大白沙,https://www.gibresort.com/about/
洄遊潛水Migration Diving,Migration Diving,外島/離島地區,台東縣,951台東縣綠島鄉環島公路,22.6475076,121.49881,07:00,18:00,null,null,null,null,"開車自行前往
大眾運輸→臺東火車站→8101A台灣好行東部海岸線郵輪式→步行→台東富岡漁港→綠島南寮漁港→步行→洄遊潛水Migration Diving",藍洞、鋼鐵礁、大白沙,https://www.facebook.com/migrationdiving/
綠島微風潛水度假中心,null,外島/離島地區,台東縣,台東縣綠島南寮村漁港1-58號號,22.6553435,121.4752009,08:00,22:00,14:00,null,null,10:00,"開車自行前往
大眾運輸→臺東火車站→8101A台灣好行東部海岸線郵輪式→步行→台東富岡漁港→綠島南寮漁港→步行→綠島微風潛水度假中心",藍洞、鋼鐵礁、大白沙,http://sonychris.ludao.tw/index.html
佈拉咖潛旅,plakahome,外島/離島地區,台東縣,951台東縣綠島鄉中寮54-3號,22.6732155,121.4732324,null,null,null,null,null,null,"開車自行前往
大眾運輸→臺東火車站→8101A台灣好行東部海岸線郵輪式→步行→台東富岡漁港→綠島南寮漁港→步行→佈拉咖潛旅",藍洞、鋼鐵礁、大白沙,https://www.instagram.com/plakahome/
綠島玉米-潛水住宿Diveholix Homestay,Diveholix Homestay,外島/離島地區,台東縣,951台東縣綠島鄉南寮17號,22.6652242,121.4715971,08:00,20:00,15:00,null,null,10:00,"開車自行前往
大眾運輸→臺東火車站→8101A台灣好行東部海岸線郵輪式→步行→台東富岡漁港→綠島南寮漁港→步行→綠島玉米-潛水住宿Diveholix Homestay",藍洞、鋼鐵礁、大白沙,https://www.facebook.com/people/%E7%B6%A0%E5%B3%B6%E7%8E%89%E7%B1%B3-%E6%BD%9B%E6%B0%B4%E4%BD%8F%E5%AE%BFDiveholix-Homestay/100057112133762/
海島旅人 Diving Hostel ,Diving Hostel,外島/離島地區,台東縣,951台東縣綠島鄉漁港路11號,22.66125749,121.4743447,00:00,23:59,null,null,null,null,臺東火車站→8101A台灣好行東部海岸線郵輪式→步行/n→台東富岡漁港→綠島南寮漁港→步行/n→海島旅人 Diving Hostel,藍洞、石朗、樓門岩,https://0965318813.ego.tw/
綠島快樂潛水民宿,Happy Dive B&B,外島/離島地區,台東縣,95141台東縣綠島鄉南寮村一鄰南寮19號,22.66496176,121.471285,09:00,22:00,null,null,null,null,臺東火車站→8101A台灣好行東部海岸線郵輪式→步行/n→台東富岡漁港→綠島南寮漁港→步行/n→綠島快樂潛水民宿,公館鼻後礁、大白沙潛水區、柚子湖,https://www.happydive.tw/
月光城堡潛水中心(Mooncastle Dive Center),Moon Castle,外島/離島地區,台東縣,951台東縣綠島鄉漁港121號,22.65648565,121.4752591,null,null,null,null,null,null,臺東火車站→8101A台灣好行東部海岸線郵輪式→步行/n→台東富岡漁港→綠島南寮漁港→步行/n→月光城堡潛水中心,三塊石、柴口浮潛區、海底郵筒&海洋之心,http://mooncastle.ludao.tw/
過日子民宿&綠島阿禧潛水俱樂部,null,外島/離島地區,台東縣,951台東縣綠島鄉柴口55-1號,22.67466231,121.4805882,null,null,null,null,null,null,臺東火車站→8101A台灣好行東部海岸線郵輪式→步行/n→台東富岡漁港→綠島南寮漁港→步行/n→過日子民宿&綠島阿禧潛水俱樂部,公館鼻後礁、三塊石、柴口浮潛區,http://ahsilife.okgo.tw/
CoolDiving Hostel｜背包輕旅｜潛水課程｜活動行程｜,Cool-Diving,外島/離島地區,台東縣,951台東縣綠島鄉中寮52-2號,22.6730017,121.472694,null,null,null,null,null,null,臺東火車站→8101A台灣好行東部海岸線郵輪式→步行/n→台東富岡漁港→綠島南寮漁港→步行/n→CoolDiving Hostel,藍洞、樓門岩、海底郵筒&海洋之心,https://cool-diving.com/
海街日記-OCEAN DIARY 綠島潛水旅宿,Ocean Diary,外島/離島地區,台東縣,951台東縣綠島鄉公館50號,22.67537265,121.4909621,null,null,null,null,null,null,臺東火車站→8101A台灣好行東部海岸線郵輪式→步行/n→台東富岡漁港→綠島南寮漁港→步行/n→海街日記,石朗、樓門岩、大白沙潛水區,https://oceandiary.tw/
植海的人 Seed of the Ocean,Sead of the Ocean,外島/離島地區,台東縣,95142台東縣綠島鄉,22.6754061,121.4905545,07:00,23:30,null,null,null,null,臺東火車站→8101A台灣好行東部海岸線郵輪式→步行/n→台東富岡漁港→綠島南寮漁港→步行/n→植海的人,公館鼻後礁、石朗、海底郵筒&海洋之心,https://www.facebook.com/seedoceantw/
藏水綠島館Hide and Sea,Hide and Sea,外島/離島地區,台東縣,951台東縣綠島鄉南寮漁港2-9號,22.6569551,121.4755155,09:00,22:00,14:00,null,null,null,臺東火車站→8101A台灣好行東部海岸線郵輪式→步行/n→台東富岡漁港→綠島南寮漁港→步行/n→藏水綠島館,石朗、大白沙潛水區、柚子湖,https://hidensea-greenisland.business.site/?utm_source=gmb&utm_medium=referral
戀戀火燒島,null,外島/離島地區,台東縣,95142台東縣綠島鄉南寮1-80號,22.65413323,121.4749565,null,null,15:00,null,10:00,null,臺東火車站→8101A台灣好行東部海岸線郵輪式→步行/n→台東富岡漁港→綠島南寮漁港→步行/n→戀戀火燒島,樓門岩、大白沙潛水區、柴口浮潛區,http://sanasai.okgo.tw/
綠島走走,null,外島/離島地區,台東縣,951台東縣綠島鄉中寮55號,22.6743172,121.4709618,null,null,14:00,null,null,null,臺東火車站→8101A台灣好行東部海岸線郵輪式→步行/n→台東富岡漁港→綠島南寮漁港→步行/n→綠島走走,公館鼻後礁、大白沙潛水區、柚子湖,https://www.instagram.com/zouzou_greenisland/?igshid=lu8u0ng3mldr
海人生 C'est la vie 綠島海景民宿,null,外島/離島地區,台東縣,951台東縣綠島鄉柴口33號,22.67461543,121.4792236,null,null,15:00,null,10:00,null,臺東火車站→8101A台灣好行東部海岸線郵輪式→步行/n→台東富岡漁港→綠島南寮漁港→步行/n→海人生 C'est la vie 綠島海景民宿,藍洞、石朗、樓門岩,https://www.facebook.com/profile.php?id=100063793102196
水面休息潛水員旅宿,null,外島/離島地區,台東縣,95141台東縣綠島鄉三鄰3-1號,22.67617812,121.4902052,10:00,20:30,null,null,null,null,臺東火車站→8101A台灣好行東部海岸線郵輪式→步行/n→台東富岡漁港→綠島南寮漁港→步行/n→水面休息潛水員旅宿,三塊石、柴口浮潛區、海底郵筒&海洋之心,https://www.facebook.com/people/%E6%B0%B4%E9%9D%A2%E4%BC%91%E6%81%AF%E6%BD%9B%E6%B0%B4%E5%93%A1%E6%97%85%E5%AE%BF/100063775576241/?paipv=0&eav=AfbcVCeg7zj4f4CFdmFPSEYtODnu86jtetqdAwpuGDI6lm9Ivt0RtIAxuB0BcU9n4O8&_rdr
炫富·綠島 租車x潛水x套裝旅遊行程,null,外島/離島地區,台東縣,951台東縣綠島鄉漁港116號,22.65675008,121.4755061,00:00,23:59,null,null,null,null,臺東火車站→8101A台灣好行東部海岸線郵輪式→步行/n→台東富岡漁港→綠島南寮漁港→步行/n→炫富,公館鼻後礁、三塊石、柴口浮潛區,https://www.facebook.com/profile.php?id=100065616814588
柒七潛水旅店,null,外島/離島地區,台東縣,951台東縣綠島鄉121號,22.67533601,121.4702286,null,null,18:00,null,10:00,null,臺東火車站→8101A台灣好行東部海岸線郵輪式→步行/n→台東富岡漁港→綠島南寮漁港→步行/n→柒七潛水旅店,藍洞、樓門岩、海底郵筒&海洋之心,http://chichi.yoyogreenisland.com.tw/
島人嶼海,null,外島/離島地區,台東縣,951台東縣綠島鄉 2 鄰 113 號,22.67673505,121.4884079,08:00,21:00,null,null,null,null,臺東火車站→8101A台灣好行東部海岸線郵輪式→步行/n→台東富岡漁港→綠島南寮漁港→步行/n→島人嶼海,藍洞、石朗、樓門岩,https://bed-and-breakfast-604.business.site/
綠島9號精品渡假村,null,外島/離島地區,台東縣,951台東縣綠島鄉漁港 3-1 號,22.65958311,121.4760671,00:00,23:59,15:00,null,11:00,null,臺東火車站→8101A台灣好行東部海岸線郵輪式→步行/n→台東富岡漁港→綠島南寮漁港→步行/n→綠島9號精品渡假村,公館鼻後礁、三塊石、柴口浮潛區,https://9padi.com/tw/
高氧旅宿,null,外島/離島地區,台東縣,951台東縣綠島鄉南寮142號,22.66733835,121.4696905,00:00,23:59,15:00,null,null,null,臺東火車站→8101A台灣好行東部海岸線郵輪式→步行/n→台東富岡漁港→綠島南寮漁港→步行/n→高氧旅宿,公館鼻後礁、大白沙潛水區、柚子湖,https://nitrox32.okgo.tw/
愛上綠島民宿,null,外島/離島地區,台東縣,951台東縣綠島鄉漁港路39號,22.6643869,121.471821,08:00,23:30,15:00,null,null,null,臺東火車站→8101A台灣好行東部海岸線郵輪式→步行/n→台東富岡漁港→綠島南寮漁港→步行/n→愛上綠島民宿,藍洞、石朗、樓門岩,https://lovegreen.okgo.tw/
綠島居福潛水,null,外島/離島地區,台東縣,951台東縣綠島鄉78-3號,22.67499387,121.492551,08:00,18:30,null,null,null,null,臺東火車站→8101A台灣好行東部海岸線郵輪式→步行/n→台東富岡漁港→綠島南寮漁港→步行/n→綠島居福潛水,三塊石、柴口浮潛區、海底郵筒&海洋之心,https://www.facebook.com/LyuDaoChuFuDivng/?locale=zh_TW
綠島海猴子潛水Green Island Sea Monkey Diving,Green Island Sea Monkey Diving,外島/離島地區,台東縣,951台東縣綠島鄉51號,22.67510906,121.4917912,10:00,22:00,null,null,null,null,臺東火車站→8101A台灣好行東部海岸線郵輪式→步行/n→台東富岡漁港→綠島南寮漁港→步行/n→綠島海猴子潛水,藍洞、樓門岩、海底郵筒&海洋之心,http://seamonkey.okgo.tw/
綠島啤 酒魚潛水中心,Hey Dive,外島/離島地區,台東縣,951台東縣綠島鄉公館99號,22.6739701,121.4926692,00:00,23:59,null,null,null,null,臺東火車站→8101A台灣好行東部海岸線郵輪式→步行/n→台東富岡漁港→綠島南寮漁港→步行/n→綠島啤酒魚潛水中心,公館鼻後礁、大白沙潛水區、柚子湖,https://heydive.mystrikingly.com/
綠島海韻民宿(安欣立潛水中心happyminimi divecenter) |自由潛水 |水肺潛水|,happyminimi divecenter,外島/離島地區,台東縣,951台東縣綠島鄉210號,22.66997022,121.4682604,null,null,15:00,null,11:00,null,臺東火車站→8101A台灣好行東部海岸線郵輪式→步行/n→台東富岡漁港→綠島南寮漁港→步行/n→綠島海韻民宿,藍洞、石朗、樓門岩,https://www.happyminimi.com/
BLUE SAFARI DIVING CENTER 藍莎潛水中心（PADI五星級教練發展潛水中心）,Blue Safari Diving Center,外島/離島地區,台東縣,951台東縣綠島鄉72號,22.6749033,121.4917939,08:00,18:00,null,null,null,null,臺東火車站→8101A台灣好行東部海岸線郵輪式→步行/n→台東富岡漁港→綠島南寮漁港→步行/n→BLUE SAFARI DIVING CENTER ,石朗、樓門岩、大白沙潛水區,http://www.blue-safari.com.tw/
綠島怪獸潛水,null,外島/離島地區,台東縣,951台東縣綠島鄉溫泉66號,22.64567481,121.4983325,07:00,22:00,null,null,null,null,臺東火車站→8101A台灣好行東部海岸線郵輪式→步行/n→台東富岡漁港→綠島南寮漁港→步行/n→綠島怪獸潛水,三塊石、柴口浮潛區、海底郵筒&海洋之心,https://www.facebook.com/Greenisland.Monster/?locale=zh_TW
夏咖SHAKA D.C.潛水中心 Shaka.Aloha（SSI潛水中心）,SHAKA Diving Center,外島/離島地區,台東縣,951台東縣綠島鄉公?路82號,22.67455506,121.4920394,null,null,null,null,null,null,臺東火車站→8101A台灣好行東部海岸線郵輪式→步行/n→台東富岡漁港→綠島南寮漁港→步行/n→夏咖SHAKA D.C.潛水中心,藍洞、石朗、樓門岩,https://shaka-dc-shakaaloha.business.site/?utm_source=gmb&utm_medium=referral
綠島涵館TUBE18,null,外島/離島地區,台東縣,951台東縣綠島鄉南寮村龜灣32-1號,22.64711862,121.4760167,null,null,15:00,null,11:00,null,臺東火車站→8101A台灣好行東部海岸線郵輪式→步行/n→台東富岡漁港→綠島南寮漁港→步行/n→綠島涵館TUBE18,藍洞、樓門岩、海底郵筒&海洋之心,https://tube18.tw/
綠棕海租車浮潛社,null,外島/離島地區,台東縣,951台東縣綠島鄉漁港路15-3號,22.66203235,121.4733911,08:00,22:00,null,null,null,null,臺東火車站→8101A台灣好行東部海岸線郵輪式→步行/n→台東富岡漁港→綠島南寮漁港→步行/n→綠棕海租車浮潛社,公館鼻後礁、三塊石、柴口浮潛區,https://www.facebook.com/qq089671666/?locale=zh_TW
綠島諾亞民宿,null,外島/離島地區,台東縣,台東縣綠島鄉柴口50之6號　,22.67447076,121.4802856,00:00,23:59,14:00,null,11:00,null,臺東火車站→8101A台灣好行東部海岸線郵輪式→步行/n→台東富岡漁港→綠島南寮漁港→步行/n→綠島諾亞民宿,藍洞、石朗、樓門岩,http://noah.okgo.tw/
蘭嶼 蘭底潛水,LANDI Dive,外島/離島地區,台東縣,952台東縣蘭嶼鄉台東縣蘭嶼鄉紅頭村13號,22.02434932,121.5550809,08:00,18:00,null,null,null,null,大眾運輸→臺東火車站→8109公車→步行/n→台東富岡漁港→蘭嶼開元漁港→步行/n→蘭嶼 蘭底潛水,八代灣沈船、漁人舊部落港灣、玉女岩,https://www.facebook.com/LanDe.diving/?locale=zh_TW
藍海屋潛水渡假村,null,外島/離島地區,台東縣,952台東縣蘭嶼鄉1-8號,22.02350767,121.5585915,07:30,21:00,15:00,null,11:00,null,大眾運輸→臺東火車站→8109公車→步行/n→台東富岡漁港→蘭嶼開元漁港→步行/n→藍海屋潛水渡假村,蘭恩、朗島秘境、情人洞,https://www.boh.com.tw/
蘭嶼潛規則工作室,Unspoker Rule,外島/離島地區,台東縣,952台東縣蘭嶼鄉東清村,22.05861142,121.5659626,08:00,17:00,null,null,null,null,大眾運輸→臺東火車站→8109公車→步行/n→台東富岡漁港→蘭嶼開元漁港→步行/n→蘭嶼潛規則工作室,椰油斷層、椰油浮潛區、核廢料儲存場潮池,https://www.facebook.com/unspokenrule.lanyu
蘭嶼東龍潛水Tung Lung Diving INN,Tung Lung Diving INN,外島/離島地區,台東縣,952台東縣蘭嶼鄉紅頭村1之10號,22.02092356,121.5604095,08:00,17:00,null,null,null,null,大眾運輸→臺東火車站→8109公車→步行/n→台東富岡漁港→蘭嶼開元漁港→步行/n→蘭嶼東龍潛水,機場外礁、母雞岩外礁、龍門港小香菇,https://www.facebook.com/TungLungDiving/?locale=zh_TW
蘭嶼路易浮潛&SUP,null,外島/離島地區,台東縣,952台東縣蘭嶼鄉朗島村235-1號,22.07844834,121.5252715,08:00,17:00,null,null,null,null,大眾運輸→臺東火車站→8109公車→步行/n→台東富岡漁港→蘭嶼開元漁港→步行/n→蘭嶼路易浮潛&SUP,開元港藍洞、雙獅天井、東清七號地小涼亭,https://www.facebook.com/louisSnorkeling/
Tec Only 潛水中心,Tec Only,外島/離島地區,台東縣,952台東縣蘭嶼鄉朗島村6-2號,22.07924579,121.5291356,07:30,21:00,null,null,null,null,大眾運輸→臺東火車站→8109公車→步行/n→台東富岡漁港→蘭嶼開元漁港→步行/n→Tec Only 潛水中心,漁人舊部落港灣、母雞岩外礁、玉女岩,http://www.lanyuscuba.com/
蘭嶼 飛魚浮潛,Feayu Guest House,外島/離島地區,台東縣,95241台東縣蘭嶼鄉漁人部落143號952,22.0264751,121.5411409,08:00,21:00,null,null,null,null,大眾運輸→臺東火車站→8109公車→步行/n→台東富岡漁港→蘭嶼開元漁港→步行/n→蘭嶼 飛魚浮潛,八代灣沈船、雙獅岩、核廢料儲存場潮池,https://travel.lanyu.info/hostel/iratay-tribe/flyingfish
Hertz freediving 自由潛水學校（蘭嶼）,Hertz freediving,外島/離島地區,台東縣,952台東縣蘭嶼鄉1-19號,22.02315218,121.5589696,09:00,18:30,null,null,null,null,大眾運輸→臺東火車站→8109公車→步行/n→台東富岡漁港→蘭嶼開元漁港→步行/n→Hertz freediving 自由潛水學校,椰油斷層、雙獅天井、情人洞,https://www.hertzfreediving.com/
Ownmind自由潛水工作室,Ownmind,外島/離島地區,台東縣,952台東縣蘭嶼鄉12-2號,22.0581568,121.5654561,09:00,21:00,null,null,null,null,大眾運輸→臺東火車站→8109公車→步行/n→台東富岡漁港→蘭嶼開元漁港→步行/n→Ownmind自由潛水工作室,開元港藍洞、東清七號地小涼亭、龍門港小香菇,https://ownmindfreediving.com/
Azul Apnea Freediving 朗。自由潛水,Azul Apnea Freediving,外島/離島地區,台東縣,952台東縣蘭嶼鄉朗島村6-1號1樓,22.07919108,121.5291291,null,null,null,null,null,null,大眾運輸→臺東火車站→8109公車→步行/n→台東富岡漁港→蘭嶼開元漁港→步行/n→Azul Apnea Freediving ,蘭恩、椰油斷層、玉女岩,https://www.instagram.com/azul_apnea/
暖暖浮潛,null,外島/離島地區,台東縣,95242台東縣蘭嶼鄉82號,22.03823974,121.5669555,08:30,21:30,null,null,null,null,大眾運輸→臺東火車站→8109公車→步行/n→台東富岡漁港→蘭嶼開元漁港→步行/n→暖暖浮潛,雙獅岩、雙獅天井、情人洞,https://www.facebook.com/profile.php?id=100063718363893&paipv=0&eav=AfYXhog8aGhVx1QT4fQKwkEWFKKSxbIoPbzXZfblWlmPcOnZoB5hdafJcMZ7gZhtUPY
Unlockdive 解鎖自由潛水工作室,Unlock Dive,外島/離島地區,台東縣,952台東縣蘭嶼鄉122號,22.05056966,121.5126536,09:00,17:00,null,null,null,null,大眾運輸→臺東火車站→8109公車→步行/n→台東富岡漁港→蘭嶼開元漁港→步行/n→Unlockdive 解鎖自由潛水工作室,椰油浮潛區、漁人舊部落港灣、龍門港小香菇,https://unlockdive.weebly.com/
蘭嶼小馬浮潛工作室/SUP立槳&浮潛體驗,Mark Snorkeling Studio,外島/離島地區,台東縣,952台東縣蘭嶼鄉197之1號,22.0390299,121.5668748,08:00,17:00,null,null,null,null,大眾運輸→臺東火車站→8109公車→步行/n→台東富岡漁港→蘭嶼開元漁港→步行/n→蘭嶼小馬浮潛工作室,開元港藍洞、東清七號地小涼亭、龍門港小香菇,https://www.facebook.com/profile.php?id=100063702984886
海岸線 Lanyu Coastline,Lanyu Coastline,外島/離島地區,台東縣,952台東縣蘭嶼鄉朗島村6鄰235之2號,22.07830805,121.5252279,00:00,23:59,null,null,null,null,大眾運輸→臺東火車站→8109公車→步行/n→台東富岡漁港→蘭嶼開元漁港→步行/n→海岸線 Lanyu Coastline,蘭恩、漁人舊部落港灣、核廢料儲存場潮池,https://www.instagram.com/coastline_lanyu/
蘭嶼海的窩,null,外島/離島地區,台東縣,台東縣蘭嶼鄉197之六號,22.03938483,121.5671146,null,null,14:00,null,11:00,null,大眾運輸→臺東火車站→8109公車→步行/n→台東富岡漁港→蘭嶼開元漁港→步行/n→蘭嶼海的窩,八代灣沈船、機場外礁、情人洞,https://www.hidingworld.com/
綠島飛魚潛水,null,外島/離島地區,台東縣,951台東縣綠島鄉?港路1-2號,22.65781375,121.4755906,null,null,null,null,null,null,臺東火車站→8101A台灣好行東部海岸線郵輪式→步行/n→台東富岡漁港→綠島南寮漁港→步行/n→綠島飛魚潛水,藍洞、石朗、樓門岩,http://www.dive.com.tw/
吉米探險家露營地&潛水俱樂部 Jimmy Explorer's Campsite & Diving Club,null,外島/離島地區,台東縣,952台東縣蘭嶼鄉1之6號,22.01316719,121.567451,08:00,21:00,null,null,null,null,大眾運輸→臺東火車站→8109公車→步行/n→台東富岡漁港→蘭嶼開元漁港→步行/n→吉米探險家露營地&潛水俱樂部,機場外礁、情人洞、龍門港小香菇,https://jimmy-explorer.blogspot.com/
玩在蘭嶼—水上自行車/在地旅遊套裝行程,null,外島/離島地區,台東縣,952台東縣蘭嶼鄉92之一,22.03902576,121.5662728,00:00,23:59,null,null,null,null,大眾運輸→臺東火車站→8109公車→步行/n→台東富岡漁港→蘭嶼開元漁港→步行/n→玩在蘭嶼,母雞岩外礁、雙獅岩、雙獅天井,https://www.facebook.com/profile.php?id=100081155820058
藍洋潛水訓練中心 Blue Ocean SCUBA Center,Blue Ocean SCUBA Center,外島/離島地區,台東縣,952台東縣蘭嶼鄉295之2號,22.05835564,121.5095708,08:00,18:00,null,null,null,null,大眾運輸→臺東火車站→8109公車→步行/n→台東富岡漁港→蘭嶼開元漁港→步行/n→藍洋潛水訓練中心 Blue Ocean SCUBA Center,母雞岩外礁、雙獅岩、雙獅天井,http://www.blueocean-lanyu.tw/
全球技術潛水（嘉義店）,null,南部地區,嘉義市,600嘉義市西區姜安街9號,23.48036288,120.4249911,08:00,21:00,null,null,null,null,"開車自行前往
大眾運輸→台鐵新左營站>嘉義火車站>步行>趣淘3路>全球技術潛水（嘉義店）",墾丁、潛立方、綠島,https://www.facebook.com/gtdiving/
UFO悠浮潛水,UFO diving club,南部地區,嘉義市,600340嘉義市東區彌陀路238巷98弄82號,23.47570321,120.4661293,20:00,22:00,null,null,null,null,"開車自行前往
大眾運輸→台鐵新左營站>嘉義火車站>步行> UFO悠浮潛水",墾丁、潛立方、綠島,https://www.instagram.com/ufo_diving_club/
三木子潛水選品,lilin dive Select,南部地區,台南市,700台南市中西區忠義路一段40號,22.98579914,120.2018985,13:00,21:30,null,null,null,null,"開車自行前往
大眾運輸→台鐵新左營站>台南車站>步行>三木子潛水選品",墾丁、小琉球、綠島,https://lilindive.com/about/
Diversity freediving 潛城自由潛水訓練中心 台南站,Diversity freediving,南部地區,台南市,700台南市中西區中山路90號10號樓之12,22.99432283,120.208216,10:00,22:00,null,null,null,null,"開車自行前往
大眾運輸→台鐵新左營站>台南車站>步行> Diversity freediving ",墾丁、小琉球、綠島,https://www.diversityfreediving.com.tw/
銀色快手台南潛水中心,null,南部地區,台南市,710台南市永康區永勝街35號,23.01715722,120.2549304,10:00,22:00,15:00,null,null,11:00,"開車自行前往
大眾運輸→台鐵新左營站>永康車站>步行>銀色快手台南潛水中心",墾丁、小琉球、綠島,https://silverfaster.weebly.com/
水領域潛水中心,null,南部地區,台南市,710台南市永康區復興路33巷30號,22.9978736,120.2496608,18:00,21:00,null,null,null,null,"開車自行前往
大眾運輸→台鐵新左營站>台南車站>步行>水領域潛水中心",墾丁、小琉球、綠島,https://www.facebook.com/people/%E6%B0%B4%E9%A0%98%E5%9F%9F/100063908958348/
高手潛水,null,南部地區,台南市,701台南市東區東門路二段384號,22.98229087,120.227434,12:00,21:30,null,null,null,null,"開車自行前往
大眾運輸→高鐵左營站>台南高鐵站>步行>高手潛水",墾丁、小琉球、綠島,https://webyp.url.com.tw/store?q=hwkv73n
曼呆潛水 KOZY DIVE,,南部地區,台南市,702台南市南區永成路三段229號,22.96820478,120.1954857,,,,,,,,,
淨海潛水運動企業社,,南部地區,高雄市,826高雄市梓官區信義路68巷,22.76194014,120.2632078,,,,,,,,,
浪人潛水,null,南部地區,高雄市,811高雄市楠梓區興楠路269號,22.72980875,120.3333727,12:00,21:00,null,null,null,null,"開車自行前往
大眾運輸→高鐵左營站>捷運紅線>步行>浪人潛水",墾丁、小琉球、綠島,https://reurl.cc/zYL6bN
海天潛水俱樂部,Ocean Sky Diving Training Centre,南部地區,高雄市,813高雄市左營區埤子頭路82巷35號,22.68247184,120.2899092,null,null,null,null,null,null,"開車自行前往
大眾運輸→高鐵左營站>步行>海天潛水俱樂部",墾丁、小琉球、綠島,http://www.oceanskydiving.com/index.php/zh/2011-07-28-13-06-54
一名鯨人影像潛水中心,A Whale Man Ltd.,南部地區,高雄市,813高雄市左營區重光路72巷46號1樓,22.68136378,120.3031032,null,null,null,null,null,null,"開車自行前往
大眾運輸→高鐵左營站>捷運紅線>步行>一名鯨人影像潛水中心",墾丁、小琉球、綠島,https://www.facebook.com/awhalemantw/
台灣潛水企業有限公司,TAIWAN DIVE CENTER,南部地區,高雄市,814高雄市仁武區霞海南一街33號,22.68096589,120.3230002,12:00,21:00,null,null,null,null,"開車自行前往
大眾運輸→高鐵左營站>90民族幹線>步行>台灣潛水企業有限公司",墾丁、小琉球、綠島,https://www.twdive.com/pages/%E9%97%9C%E6%96%BC%E5%8F%B0%E6%BD%9B
解憂潛水Chill Diving,Chill Diving,南部地區,高雄市,807高雄市三民區大順二路680巷23號,22.65362942,120.320301,10:00,21:00,null,null,null,null,"開車自行前往
大眾運輸→高鐵左營站>16A>步行>解憂潛水Chill Diving",墾丁、小琉球、綠島,https://chilldiving.com/
高雄 Blue Marine 潛水,Blue Marine,南部地區,高雄市,807高雄市三民區清明街27號,22.64743383,120.3388769,20:00,23:00,null,null,null,null,"開車自行前往
大眾運輸→高鐵左營站>捷運紅線>步行>紅33民誠幹線>步行>高雄 Blue Marine 潛水",墾丁、小琉球、綠島,https://www.facebook.com/people/%E9%AB%98%E9%9B%84-Blue-Marine-%E6%BD%9B%E6%B0%B4%E8%87%AA%E7%94%B1%E6%BD%9B%E6%B0%B4sup%E6%BA%AF%E6%BA%AA/100064277491792/
貝里斯潛水,null,南部地區,高雄市,807高雄市三民區清華街1巷11號,22.64029808,120.342318,null,null,null,null,null,null,"開車自行前往
大眾運輸→高鐵左營站>捷運紅線>步行>60覺民幹線>步行>貝里斯潛水",墾丁、小琉球、綠島,https://zh-tw.facebook.com/barrysdiving2016/
AGA 技術潛水中心,AGA SCUBA DIVING,南部地區,高雄市,807高雄市三民區民本街25號,22.64020403,120.3421548,null,null,null,null,null,null,"開車自行前往
大眾運輸→高鐵左營站>紅60B>步行>8048屏東轉運站>步行> AGA 技術潛水中心",墾丁、小琉球、綠島,https://www.facebook.com/agascubadiving/?locale=zh_TW
多樂潛水,Toro scuba,南部地區,高雄市,807高雄市三民區淵源街1號,22.63833753,120.3361147,null,null,null,null,null,null,"開車自行前往
大眾運輸→高鐵左營站>捷運紅線>步行>60覺民幹線>步行>多樂潛水",墾丁、小琉球、綠島,https://www.facebook.com/ToroScuba/?locale=zh_TW
萬德福潛水有限公司,wonderfuldiving,南部地區,高雄市,80054高雄市新興區中正三路5號10號樓之4,22.63058605,120.3109683,10:30,15:30,null,null,null,null,"開車自行前往
大眾運輸→高鐵左營站>捷運紅線>步行>萬德福潛水有限公司",墾丁、小琉球、綠島,https://sites.google.com/view/wonderful-diving/%E9%97%9C%E6%96%BC%E8%90%AC%E5%BE%B7%E7%A6%8F/%E8%90%AC%E5%BE%B7%E7%A6%8F%E6%BD%9B%E6%B0%B4%E7%9A%84%E6%95%99%E8%82%B2%E7%90%86%E5%BF%B5
日大潛水RIDA Diving,RIDA Diving,南部地區,高雄市,800高雄市新興區民生一路164號,22.62791934,120.3095693,13:00,21:00,null,null,null,null,"開車自行前往
大眾運輸→高鐵左營站>捷運紅線>步行>日大潛水RIDA Diving",墾丁、小琉球、綠島,https://www.rida-shop.com.tw/blog/posts/%E9%97%9C%E6%96%BC%E6%97%A5%E5%A4%A7
Solidblue粋藍潛水工作室,Solidblue,南部地區,高雄市,802高雄市苓雅區新光路62巷17號樓之一,22.61198159,120.3009903,08:00,23:00,null,null,null,null,"開車自行前往
大眾運輸→高鐵左營站>捷運紅線>步行> Solidblue?藍潛水工作室",墾丁、小琉球、綠島,https://airmonkeyfly.wixsite.com/solidblue
高雄自由潛水中心,kwf freediving,南部地區,高雄市,806高雄市前鎮區梧州街30巷21號,22.61442777,120.3163281,10:00,20:00,null,null,null,null,"開車自行前往
大眾運輸→高鐵左營站>捷運紅線>步行>高雄自由潛水中心",墾丁、小琉球、綠島,https://www.facebook.com/KWF.Freediving/
蓬萊潛水,FORMOSA DIVING,南部地區,高雄市,802高雄市高雄市苓雅區建國一路233號,22.63322415,120.3221532,11:30,21:00,null,null,null,null,"開車自行前往
大眾運輸→高鐵左營站>捷運紅線>步行>88建國幹線>步行>蓬萊潛水",墾丁、小琉球、綠島,https://www.facebook.com/divingformosa/
羅浮潛水中心,ROVER DIVING CENTER INTERNATIONAL,南部地區,高雄市,830高雄市鳳山區立志街152號,22.62268971,120.3563821,11:00,21:30,null,null,null,null,"開車自行前往
大眾運輸→高鐵左營站>捷運紅線>捷運橘線>步行>羅浮潛水中心",墾丁、小琉球、綠島,https://www.facebook.com/roverdiving/?locale=zh_TW
高峰潛水,,南部地區,高雄市,831高雄市大寮區民泰街92號,22.63970603,120.3923303,,,,,,,,,
海峰登山潛水社,,南部地區,高雄市,812高雄市小港區宏平路311號,22.56963004,120.3607688,,,,,,,,,
innocean 在海裡 潛水旅宿,innocean ,南部地區,屏東縣,929屏東縣東港鎮中山路6號4號,22.46588337,120.4522516,null,null,15:00,null,null,11:00,"開車自行前往
大眾運輸→高鐵左營站>9127D台灣好行大鵬灣琉球線 >步行> innocean 在海裡潛水旅宿",墾丁、小琉球、綠島,https://www.facebook.com/InnOceanDiving/
山潛水工作室Sapai scuba diving studio,Sapai scuba diving studio,南部地區,屏東縣,945屏東縣牡丹鄉大梅路1-15號,22.10018513,120.7475009,09:00,17:30,null,null,null,null,"開車自行前往
大眾運輸→高鐵左營站>9189台灣好行墾丁快線 >步行>301A>步行>山潛水工作室Sapai scuba diving studio",後壁湖餵魚區、出水口、萬里桐,https://www.instagram.com/sapai.scuba.studio/
高峰潛水訓練中心,Summit Dive Center,南部地區,屏東縣,94450屏東縣車城鄉龍井路1-8號,22.05660312,120.7267811,07:00,22:00,null,null,null,null,"開車自行前往
大眾運輸→高鐵左營站>9189台灣好行墾丁快線 >步行>高峰潛水訓練中心",後壁湖餵魚區、出水口、萬里桐,https://www.facebook.com/SummitDiveCenter/
Freeisland 自由島嶼,Freeisland ,南部地區,屏東縣,944屏東縣車城鄉後灣路77之9號,22.04030989,120.6980411,00:00,23:59,null,null,null,null,"開車自行前往
大眾運輸→高鐵左營站>9189台灣好行墾丁快線 >步行>101D墾丁街車橘線>步行> Freeisland 自由島嶼",後壁湖餵魚區、出水口、萬里桐,https://www.facebook.com/freeisland1994/
樂芙海洋,Love Ocean,南部地區,屏東縣,944013屏東縣車城鄉後灣路181-1號,22.03856075,120.6944154,00:00,23:59,15:00,null,null,11:00,"開車自行前往
大眾運輸→高鐵左營站>9189台灣好行墾丁快線 >步行>101D墾丁街車橘線>步行>樂芙海洋",後壁湖餵魚區、出水口、萬里桐,https://www.facebook.com/people/%E6%A8%82%E8%8A%99%E6%B5%B7%E6%B4%8BLove-Ocean/100076111880863/
恆茄-自由潛水背包客棧,,南部地區,屏東縣,946屏東縣恆春鎮茄苳路萬泉巷63號,22.0388671,120.7154093,,,,,,,,,
O.H海歸潛水,ocean hedonic,南部地區,屏東縣,946屏東縣恆春鎮仁壽路141-15號,22.02591632,120.7372004,08:00,18:00,15:00,null,null,11:00,"開車自行前往
大眾運輸→高鐵左營站>9189台灣好行墾丁快線 >1773屏東轉運站>步行> O.H海歸潛水",後壁湖餵魚區、出水口、萬里桐,https://oceanhedonic.wixsite.com/oh2019/blank-1
Lidaodive麗島潛水-墾丁,,南部地區,屏東縣,946屏東縣恆春鎮省北路390號,22.02138271,120.7439271,,,,,,,,,
墾丁GO Diving趣潛水&寧靜的家3館,GO Diving,南部地區,屏東縣,946屏東縣恆春鎮大埔路16-50號,22.01903734,120.7384539,08:00,22:00,null,null,null,null,"開車自行前往
大眾運輸→高鐵左營站>9189台灣好行墾丁快線 >101D墾丁街車橘線>步行>墾丁GO Diving趣潛水&寧靜的家3館",後壁湖餵魚區、山海、萬里桐,https://www.facebook.com/godivingpower/?locale=zh_TW
Tec Only Kenting Diving Center,Tec Only Kenting Diving Center,南部地區,屏東縣,946屏東縣恆春鎮興北路中興巷72號,22.00912078,120.7258452,08:00,20:00,15:00,null,null,11:00,"開車自行前往
大眾運輸→高鐵左營站>9189台灣好行墾丁快線 >201墾丁街車黃線>步行> Tec Only Kenting Diving Center",後壁湖餵魚區、山海、萬里桐,https://www.facebook.com/TecOnlyKenting/
墾丁自由潛水 Freedive Kenting, Freedive Kenting,南部地區,屏東縣,946屏東縣恆春鎮德和路160巷1弄19號,21.99788808,120.7276139,null,null,null,null,null,null,"開車自行前往
大眾運輸→高鐵左營站>9189台灣好行墾丁快線 >步行>墾丁自由潛水 Freedive Kenting",後壁湖餵魚區、山海、萬里桐,https://www.instagram.com/freedivekenting/
海水正藍Ocean Blueming,Ocean Blueming,南部地區,屏東縣,946屏東縣恆春鎮草埔路57巷５之１號,22.01004812,120.7351981,00:00,23:59,null,null,null,null,"開車自行前往
大眾運輸→高鐵左營站>9189台灣好行墾丁快線 >步行>海水正藍Ocean Blueming",後壁湖餵魚區、山海、萬里桐,https://www.facebook.com/OceanBlueming/
藍色海洋潛水訓練中心,,南部地區,屏東縣,946屏東縣恆春鎮恆公路967號,22.00892873,120.7404355,,,,,,,,,
酷達潛水中心 Kuta Dive, Kuta Dive,南部地區,屏東縣,946屏東縣恆春鎮恆公路965號,22.00866184,120.7403649,08:00,22:00,null,null,null,null,"開車自行前往
大眾運輸→高鐵左營站>9189台灣好行墾丁快線 >步行>酷達潛水中心 Kuta Dive",後壁湖餵魚區、山海、萬里桐,http://www.kutadive.com.tw/index.php/about/156-about-us-2
有潛生活 潛水訓練中心,Cheers To Dive,南部地區,屏東縣,946屏東縣恆春鎮恆公路1012巷二弄1號,22.00988024,120.7425523,08:00,20:00,15:00,null,null,11:00,"開車自行前往
大眾運輸→高鐵左營站>9189台灣好行墾丁快線 >步行>有潛生活潛水訓練中心",後壁湖餵魚區、山海、萬里桐,https://cheerstodive.com/%e9%97%9c%e6%96%bc%e6%9c%89%e6%bd%9b%e7%94%9f%e6%b4%bb/
墾丁海世界潛水 OceanWorld Diving Center,OceanWorld Diving Center,南部地區,屏東縣,94645屏東縣恆春鎮省北路1巷3弄26號,22.00989268,120.7425644,09:00,18:00,null,null,null,null,"開車自行前往
大眾運輸→高鐵左營站>9189台灣好行墾丁快線 >步行>719水泉線小黃公車>步行>墾丁海世界潛水 OceanWorld Diving Center",後壁湖餵魚區、山海、萬里桐,https://www.facebook.com/people/%E5%A2%BE%E4%B8%81%E6%B5%B7%E4%B8%96%E7%95%8C%E6%BD%9B%E6%B0%B4/100063831526554/
墾丁環礁潛水中心,Kenting Atoll Dive Center,南部地區,屏東縣,946屏東縣恆春鎮鎮復興路112巷48號,22.00747802,120.7424046,08:00,23:00,15:00,null,null,11:00,"開車自行前往
大眾運輸→高鐵左營站>9189台灣好行墾丁快線 >步行>墾丁環礁潛水中心",合界、山海、萬里桐,https://www.atolldive.com/about-us/
Okeano Free Dive漁生自由潛水教室3.0,Okeano Free Dive,南部地區,屏東縣,946屏東縣恆春鎮中正路232巷43號,22.00688662,120.7445134,09:00,17:30,null,null,null,null,"開車自行前往
大眾運輸→高鐵左營站>9189台灣好行墾丁快線 >步行> Okeano Free Dive漁生自由潛水教室3.0",合界、山海、萬里桐,https://www.facebook.com/people/%E6%BC%81%E7%94%9F-x-Okeano/100064825985092/
簡單潛水,simpledive,南部地區,屏東縣,946屏東縣恆春鎮恆北路86-17號,22.01025723,120.7492454,08:00,17:00,null,null,null,null,"開車自行前往
大眾運輸→高鐵左營站>9189台灣好行墾丁快線 >步行>簡單潛水",合界、山海、萬里桐,https://www.facebook.com/simpledive2021/
潛藍Liyal,,南部地區,屏東縣,946010屏東縣恆春鎮恆北路88號之18,22.00913923,120.7501964,,,,,,,,,
嶼海tu?-h?i,null,南部地區,屏東縣,946屏東縣恆春鎮中正路232巷147弄26號,22.00880423,120.7461876,null,null,15:00,null,null,11:00,"開車自行前往
大眾運輸→高鐵左營站>9189台灣好行墾丁快線 >步行>嶼海tu?-h?i",合界、山海、萬里桐,https://www.facebook.com/tuahaitw/
Divingmind潛意識恆春分部,Divingmind,南部地區,屏東縣,946屏東縣恆春鎮環城北路217之2號,22.00945487,120.7450703,null,null,15:00,null,null,11:00,"開車自行前往
大眾運輸→高鐵左營站>9189台灣好行墾丁快線 >步行> Divingmind潛意識恆春分部",合界、山海、萬里桐,https://www.facebook.com/DivingMind/?locale=zh_TW
悠樂趣潛水俱樂部,null,南部地區,屏東縣,946屏東縣恆春鎮西門路25號,22.00616225,120.7430348,09:00,23:00,15:00,null,null,11:00,"開車自行前往
大眾運輸→高鐵左營站>9189台灣好行墾丁快線 >步行>悠樂趣潛水俱樂部",合界、山海、萬里桐,https://www.facebook.com/yolokidivingclub/
奇怪教練自由潛水教室 Weirdo Freediving, Weirdo Freediving,南部地區,屏東縣,946屏東縣恆春鎮西門路23巷9號,22.00592754,120.7427499,09:00,20:00,null,null,null,null,"開車自行前往
大眾運輸→高鐵左營站>9189台灣好行墾丁快線 >步行>奇怪教練自由潛水教室 Weirdo Freediving",合界、山海、萬里桐,https://www.facebook.com/weirdofreediving/
SEACHANGER正式自由,SEACHANGER,南部地區,屏東縣,946屏東縣恆春鎮恆北路86號-13號,22.00982115,120.7493381,00:00,23:59,15:00,null,null,11:00,"開車自行前往
大眾運輸→高鐵左營站>9189台灣好行墾丁快線 >步行> SEACHANGER正式自由",合界、山海、萬里桐,https://www.instagram.com/sea__changer/
墾丁．就是要潛水,LIVE TO DIVE,南部地區,屏東縣,946屏東縣恆春鎮北門路42巷21弄5號,22.00577478,120.7480574,09:00,22:00,null,null,null,null,"開車自行前往
大眾運輸→高鐵左營站>9189台灣好行墾丁快線 >步行>墾丁．就是要潛水",合界、山海、萬里桐,https://www.instagram.com/live.todive/
醉初自由潛水,initial Freediving,南部地區,屏東縣,946屏東縣恆春鎮北門路42巷21弄3號,22.00499913,120.7480542,00:00,23:59,null,null,null,null,"開車自行前往
大眾運輸→高鐵左營站>9189台灣好行墾丁快線 >步行>醉初自由潛水",合界、山海、出水口,https://www.facebook.com/people/%E9%86%89%E5%88%9D%E8%87%AA%E7%94%B1%E6%BD%9B%E6%B0%B4-Initial-Freediving/100067378625235/
潛水部落 D Dive Center, D Dive Center,南部地區,屏東縣,946屏東縣恆春鎮山腳路100-1號,22.00413634,120.7515993,08:00,18:00,null,null,null,null,"開車自行前往
大眾運輸→高鐵左營站>9189台灣好行墾丁快線 >步行>潛水部落 D Dive Center",合界、山海、出水口,https://www.dddiveb.com/blank
浪影 surfilms 背包旅宿,,南部地區,屏東縣,946屏東縣恆春鎮北門路39巷9號,22.00436404,120.7467812,,,,,,,,,
暖洋潛水旅宿 Wonder Ocean Dive Hostel,Wonder Ocean Dive Hostel,南部地區,屏東縣,946屏東縣恆春鎮光明路48巷8號,22.00202293,120.7442026,null,null,15:00,null,null,11:00,"開車自行前往
大眾運輸→高鐵左營站>9189台灣好行墾丁快線 >步行>暖洋潛水旅宿 Wonder Ocean Dive Hostel",合界、山海、出水口,https://www.facebook.com/wonderocean.kenting/?locale=zh_TW
「墾丁美人魚學校」GirlDive-Mermaid,GirlDive-Mermaid,南部地區,屏東縣,946屏東縣恆春鎮恆西路33巷42號,22.00125827,120.7410314,08:30,18:00,null,null,null,null,"開車自行前往
大眾運輸→高鐵左營站>9189台灣好行墾丁快線 >步行>「墾丁美人魚學校」GirlDive-Mermaid",合界、山海、出水口,https://girldive.com/
海島瘋３號店－薄荷小日子旅宿Days In Bohol,null,南部地區,屏東縣,946屏東縣恆春鎮恆公路676號,22.00113863,120.7400964,00:00,23:59,15:00,null,null,11:00,"開車自行前往
大眾運輸→高鐵左營站>9189台灣好行墾丁快線 >步行>海島瘋３號店－薄荷小日子旅宿Days In Bohol",合界、山海、出水口,https://daysinbohol.weebly.com/
鯊墾丁潛水旅店 Sharkenting Dive Center,Sharkenting Dive Center,南部地區,屏東縣,946屏東縣恆春鎮恆西路33巷123弄5號,21.99999014,120.7422788,09:00,18:00,null,null,null,null,"開車自行前往
大眾運輸→高鐵左營站>9189台灣好行墾丁快線 >步行>鯊墾丁潛水旅店 Sharkenting Dive Center",合界、山海、出水口,https://www.facebook.com/sharkenting/
魚人族自由潛水Fishman,Fishman,南部地區,屏東縣,946屏東縣恆春鎮恆公路372-1號,21.99891137,120.7413861,09:00,17:00,null,null,null,null,"開車自行前往
大眾運輸→高鐵左營站>9189台灣好行墾丁快線 >步行>魚人族自由潛水Fishman",合界、山海、出水口,https://www.instagram.com/fishman_freediving/
墾丁Go Diving 趣潛水恒春背包客棧,Go Diving,南部地區,屏東縣,94641屏東縣恆春鎮恒南路231號,22.00034986,120.7445199,00:00,23:59,15:00,null,null,11:00,"開車自行前往
大眾運輸→高鐵左營站>9189台灣好行墾丁快線 >步行>墾丁Go Diving 趣潛水恒春背包客棧",萬里桐、山海、出水口,http://godiving.junejan.com.tw/2015/08/go-diving.html
貓魚小窩,Cat Fish Ocean,南部地區,屏東縣,946屏東縣恆春鎮環城南路135巷5號,21.99922369,120.7459094,null,null,15:00,null,null,11:00,"開車自行前往
大眾運輸→高鐵左營站>9189台灣好行墾丁快線 >步行>貓魚小窩",萬里桐、山海、出水口,https://www.instagram.com/cat._.fish_ocean/
半島海人,btsdiving,南部地區,屏東縣,946屏東縣恆春鎮山腳路39之16號,21.99846267,120.7539119,08:00,21:00,15:00,null,null,11:00,"開車自行前往
大眾運輸→高鐵左營站>9189台灣好行墾丁快線 >步行>半島海人",萬里桐、山海、出水口,http://www.btsdiving.com/21697292603621528304.html
帶福新樂園潛水中心,Dive New World,南部地區,屏東縣,946屏東縣恆春鎮恆南路2巷2弄24號,21.99487597,120.7465153,null,null,15:00,null,null,11:00,"開車自行前往
大眾運輸→高鐵左營站>9189台灣好行墾丁快線 >步行>帶福新樂園潛水中心",萬里桐、山海、出水口,https://www.dnwkt.com/plus/
綠豆人國際潛水中心,MUNG BEAN HUMAN INT L DIVING CENTER,南部地區,屏東縣,946屏東縣恆春鎮恆公路156號,21.99622177,120.7431783,09:00,17:00,null,null,null,null,"開車自行前往
大眾運輸→高鐵左營站>9189台灣好行墾丁快線 >步行>綠豆人國際潛水中心",萬里桐、山海、出水口,https://www.facebook.com/profile.php?id=100088485312865
OneDay Freediving 找一天自由潛水工作室,OneDay Freediving,南部地區,屏東縣,946屏東縣恆春鎮恆南路117巷11弄3號,21.99626744,120.7446956,09:00,18:00,null,null,null,null,"開車自行前往
大眾運輸→高鐵左營站>9189台灣好行墾丁快線 >步行> OneDay Freediving 找一天自由潛水工作室",萬里桐、山海、出水口,https://www.onedayfreediving.com/
珊瑚生活coral’s life,,南部地區,屏東縣,946屏東縣恆春鎮恆南路117巷47號,21.99603546,120.7436974,,,,,,,,,
深藍實驗室 Dark Blue Lab,Dark Blue Lab,南部地區,屏東縣,946屏東縣恆春鎮恆南路117巷64號,21.99550279,120.7446868,00:00,23:59,15:00,null,null,11:00,"開車自行前往
大眾運輸→高鐵左營站>9189台灣好行墾丁快線 >步行>深藍實驗室 Dark Blue Lab",後壁湖餵魚區、山海、出水口,https://www.instagram.com/darkblue_lab/
水采田潛水酒吧民宿,null,南部地區,屏東縣,946屏東縣恆春鎮福城街66號,21.99779368,120.7468114,00:00,23:59,15:00,null,null,11:00,"開車自行前往
大眾運輸→高鐵左營站>9189台灣好行墾丁快線 >步行>水采田潛水酒吧民宿",後壁湖餵魚區、山海、出水口,https://www.facebook.com/KT5998/?locale=zh_TW
BENEATH Dive Club 水下俱樂部,BENEATH Dive Club ,南部地區,屏東縣,946屏東縣恆春鎮恒南路12巷6號,21.99037159,120.7482602,08:00,20:00,null,null,null,null,"開車自行前往
大眾運輸→高鐵左營站>9189台灣好行墾丁快線 >步行> BENEATH Dive Club 水下俱樂部",後壁湖餵魚區、山海、出水口,https://beneath-dive-club.weebly.com/
墾丁自由潛水 Freedive Kenting,Freedive Kenting,南部地區,屏東縣,946屏東縣恆春鎮德和路160巷1弄19號,21.99789218,120.7276212,null,null,null,null,null,null,"開車自行前往
大眾運輸→高鐵左營站>9189台灣好行墾丁快線 >步行>墾丁自由潛水 Freedive Kenting",後壁湖餵魚區、山海、出水口,https://www.facebook.com/freedivekenting/
恆春海豚潛水,dolphin diving,南部地區,屏東縣,946屏東縣恆春鎮糠林南路460號,21.99732811,120.7310266,06:00,22:00,null,null,null,null,"開車自行前往
大眾運輸→高鐵左營站>9189台灣好行墾丁快線 >步行>恆春海豚潛水",後壁湖餵魚區、山海、出水口,https://www.facebook.com/dolphin20210101/
海洋白日夢自由潛水,Ocean Dream,南部地區,屏東縣,946屏東縣恆春鎮糠林南路250-1號,21.99349902,120.7322611,09:00,17:00,15:00,null,null,11:00,"開車自行前往
大眾運輸→高鐵左營站>9189台灣好行墾丁快線 >步行>海洋白日夢自由潛水",後壁湖餵魚區、山海、出水口,https://www.facebook.com/OceanDream2019/
海私塾潛水中心,Haisan ProDive,南部地區,屏東縣,946屏東縣恆春鎮糠林南路56巷35弄9號,21.99020313,120.7330729,null,null,15:00,null,null,11:00,"開車自行前往
大眾運輸→高鐵左營站>9189台灣好行墾丁快線 >9117小灣>步行>海私塾潛水中心",後壁湖餵魚區、山海、出水口,https://www.haisanprodive.com/pages/%E8%AA%8D%E8%AD%98%E5%93%81%E7%89%8C%E7%B8%BD%E7%9B%A3
Hi Manta 自由潛水,Hi Manta,南部地區,屏東縣,946屏東縣恆春鎮恒南路29之2號,21.99174488,120.7470005,10:00,21:00,15:00,null,null,11:00,"開車自行前往
大眾運輸→高鐵左營站>9189台灣好行墾丁快線>步行>8249恆春轉運站>步行> Hi Manta 自由潛水",後壁湖餵魚區、山海、出水口,https://www.facebook.com/hi.mantafreediving/
騏艦藍海灣&潛水度假村,CJ BlueBay,南部地區,屏東縣,94646屏東縣恆春鎮龍泉路63號1樓,21.98774393,120.7370634,08:30,19:30,15:00,null,null,11:00,"開車自行前往
大眾運輸→高鐵左營站>9189台灣好行墾丁快線>步行>8249恆春轉運站>步行>騏艦藍海灣&潛水度假村",後壁湖餵魚區、山海、出水口,https://www.cjbluebay.com/about_us.html
潛水萬歲 Diving Forever,,南部地區,屏東縣,946屏東縣恆春鎮龍泉路112巷3號,21.98574429,120.7308161,,,,,,,,,
penny愛潛水,Penny Diving Center,南部地區,屏東縣,946屏東縣恆春鎮萬里路7-3號,21.99682135,120.7054134,08:00,19:00,null,null,null,null,"開車自行前往
大眾運輸→高鐵左營站>9189台灣好行墾丁快線>步行>101A墾丁街車橘線>步行> penny愛潛水",後壁湖餵魚區、山海、出水口,http://www.penny.url.tw/info.html
水到魚行浮潛館,null,南部地區,屏東縣,946屏東縣恆春鎮萬里路24-6號,21.99634275,120.7048871,08:00,17:00,null,null,null,null,"開車自行前往
大眾運輸→高鐵左營站>9189台灣好行墾丁快線>步行>101A墾丁街車橘線>步行>水到魚行浮潛館",後壁湖餵魚區、山海、出水口,https://uukt.com.tw/kenting/7610
萬里桐浮潛中心,WANLITONG SNORKELING,南部地區,屏東縣,946屏東縣恆春鎮萬里路14-3號,21.99576608,120.7067502,08:00,17:00,null,null,null,null,"開車自行前往
大眾運輸→高鐵左營站>9189台灣好行墾丁快線>步行>101A墾丁街車橘線>步行>萬里桐浮潛中心",後壁湖餵魚區、山海、出水口,http://www.wltdiving.com.tw/
山海潛水,SHANHAI DIVE,南部地區,屏東縣,946屏東縣恆春鎮山海里山海路78-7號,21.98442149,120.7136481,08:00,00:00,null,null,null,null,"開車自行前往
大眾運輸→高鐵左營站>9189台灣好行墾丁快線>步行>720B萬里桐線小黃公車>步行>山海潛水",後壁湖餵魚區、山海、出水口,https://www.facebook.com/ShanHaiDive/?locale=zh_TW
海潮潛水 Tide Dive, Tide Dive,南部地區,屏東縣,946屏東縣恆春鎮龍泉路188號,21.98450507,120.7289448,00:00,23:59,null,null,null,null,"開車自行前往
大眾運輸→高鐵左營站>9189台灣好行墾丁快線>步行>718樹林線小黃公車>步行>海潮潛水 Tide Dive",後壁湖餵魚區、山海、出水口,https://tidedive.weebly.com/about_tidedive.html
深度潛水Deep Dive Center,Deep Dive Center,南部地區,屏東縣,946屏東縣恆春鎮龍泉路246巷6號,21.98189973,120.7290439,08:00,17:00,15:00,null,null,11:00,"開車自行前往
大眾運輸→高鐵左營站>9189台灣好行墾丁快線>步行>718樹林線小黃公車>步行>深度潛水Deep Dive Center",後壁湖餵魚區、山海、出水口,https://www.depthfirm.com/%e8%aa%8d%e8%ad%98%e6%b7%b1%e5%ba%a6%e6%bd%9b%e6%b0%b4/
二級頭潛水站,Second Stage Diving Center,南部地區,屏東縣,946屏東縣恆春鎮檳榔路2-3號,21.97464029,120.7315014,07:00,22:00,null,null,null,null,"開車自行前往
大眾運輸→高鐵左營站>9189台灣好行墾丁快線>步行>718樹林線小黃公車>步行>二級頭潛水站",燕魚區、砂島、獨立礁,https://www.shearwater.com/about/
Hi D-Diving海底潛水,Hi D-Diving,南部地區,屏東縣,946屏東縣恆春鎮西潭路83巷3號,21.96837421,120.7330734,08:00,21:00,13:00,null,null,11:00,"開車自行前往
大眾運輸→高鐵左營站>9189台灣好行墾丁快線>步行>718樹林線小黃公車>步行> Hi D-Diving海底潛水",燕魚區、砂島、獨立礁,https://www.facebook.com/hiddiving/
羅浮國際潛水中心DIWA教練課程發展中心,null,南部地區,屏東縣,946屏東縣恆春鎮砂尾路75號,21.95660543,120.7292435,08:00,20:00,null,null,null,null,"開車自行前往
大眾運輸→高鐵左營站>9189台灣好行墾丁快線>步行>719水泉線小黃公車>步行>羅浮國際潛水中心DIWA教練課程發展中心",燕魚區、砂島、獨立礁,https://www.facebook.com/roverdiving/?locale=zh_TW
PsychoDive自由潛水店,PsychoDive,南部地區,屏東縣,946屏東縣恆春鎮樹林路49-2號,21.95154037,120.7220299,00:00,23:59,null,null,null,null,"開車自行前往
大眾運輸→高鐵左營站>9189台灣好行墾丁快線>步行>718樹林線小黃公車>步行> PsychoDive自由潛水店",燕魚區、砂島、獨立礁,https://www.psychodive.com.tw/pages/belief
必見水潛水 Pink House Diving,Pink House Diving,南部地區,屏東縣,946屏東縣恆春鎮樹林路42之1號,21.94992477,120.7220938,08:00,18:00,null,null,null,null,"開車自行前往
大眾運輸→高鐵左營站>9189台灣好行墾丁快線>步行>718樹林線小黃公車>步行>必見水潛水 Pink House Diving",燕魚區、砂島、獨立礁,https://bgsdiving.com/
心海潛水中心 & SUP,heart ocean dive,南部地區,屏東縣,946005屏東縣恆春鎮砂尾路32-1號,21.95903945,120.7395129,08:00,22:00,15:00,null,null,11:00,"開車自行前往
大眾運輸→高鐵左營站>9189台灣好行墾丁快線>步行> 102墾丁街車藍線經貓鼻頭>步行>心海潛水中心 & SUP",燕魚區、砂島、獨立礁,https://www.dive-tw.com/company
TIAMAT® Diving Club × 苦水輕旅,TIAMAT Diving Club,南部地區,屏東縣,94645屏東縣恆春鎮砂尾路26號,21.95819405,120.7381062,08:00,13:30,15:00,null,null,11:00,"開車自行前往
大眾運輸→高鐵左營站>9189台灣好行墾丁快線>步行> 719水泉線小黃公車>步行> TIAMAT? Diving Club × 苦水輕旅",燕魚區、砂島、獨立礁,https://www.tiamatdive.com/%E9%97%9C%E6%96%Bctiamat
祥瑞潛水,,南部地區,屏東縣,946屏東縣恆春鎮大光里砂尾路17-6號,21.95291098,120.7380132,,,,,,,,,
放呆潛水俱樂部Fun Dive Club,Fun Dive Club,南部地區,屏東縣,946屏東縣恆春鎮砂尾路55-5號,21.95245875,120.7374906,09:00,17:00,15:00,null,null,11:00,"開車自行前往
大眾運輸→高鐵左營站>9189台灣好行墾丁快線>步行> 719水泉線小黃公車>步行>放呆潛水俱樂部Fun Dive Club",燕魚區、砂島、獨立礁,https://fundiveclubtw.com/Content/about
PureBlueDive,PureBlueDive,南部地區,屏東縣,946屏東縣恆春鎮大光路10號,21.95056007,120.7412669,08:30,17:30,null,null,null,null,"開車自行前往
大眾運輸→高鐵左營站>9189台灣好行墾丁快線>步行> 719水泉線小黃公車>步行> PureBlueDive",燕魚區、砂島、獨立礁,https://www.facebook.com/PureBlueDive/?locale=zh_TW
La Sea Dive - 樂灣潛水,La Sea Dive,南部地區,屏東縣,946屏東縣恆春鎮大光路28號,21.95018708,120.7399679,08:00,20:00,null,null,null,null,"開車自行前往
大眾運輸→高鐵左營站>9189台灣好行墾丁快線>步行> 719水泉線小黃公車>步行> La Sea Dive - 樂灣潛水",燕魚區、砂島、獨立礁,https://www.facebook.com/people/La-Sea-Dive-%E6%A8%82%E7%81%A3%E6%BD%9B%E6%B0%B4/100070541929754/
墾丁海陸仔體驗潛水,,南部地區,屏東縣,946屏東縣恆春鎮大光路36號,21.94947122,120.7384498,,,,,,,,,
阿yao潛水趣,null,南部地區,屏東縣,946屏東縣恆春鎮大光路48之3號,21.94912352,120.7388112,null,null,null,null,null,null,"開車自行前往
大眾運輸→高鐵左營站>9189台灣好行墾丁快線>步行> 719水泉線小黃公車>步行>阿yao潛水趣",燕魚區、砂島、獨立礁,https://www.facebook.com/people/%E9%98%BFyao%E6%BD%9B%E6%B0%B4%E8%B6%A3/100064183291416/
WoW Dive 渥潛水,WoW Dive,南部地區,屏東縣,946屏東縣恆春鎮大光路47號946,21.94913998,120.7390466,00:00,23:59,null,null,null,null,"開車自行前往
大眾運輸→高鐵左營站>9189台灣好行墾丁快線>步行> 719水泉線小黃公車>步行> WoW Dive 渥潛水",燕魚區、砂島、獨立礁,http://www.wowdive.com.tw/paper/other_page.php?id=3501
好好潛水 GOOD DIVE, GOOD DIVE,南部地區,屏東縣,946屏東縣恆春鎮大光路95號,21.94810092,120.7404743,00:00,23:59,15:00,null,null,11:00,"開車自行前往
大眾運輸→高鐵左營站>9189台灣好行墾丁快線>步行> 719水泉線小黃公車>步行>好好潛水 GOOD DIVE",燕魚區、砂島、獨立礁,https://www.instagram.com/100gooddive/
潛龍墾丁潛水中心,null,南部地區,屏東縣,946屏東縣恆春鎮大光路97之6號,21.94757882,120.7399746,09:00,21:00,null,null,null,null,"開車自行前往
大眾運輸→高鐵左營站>9189台灣好行墾丁快線>步行> 102墾丁街車藍線經貓鼻頭>步行>潛龍墾丁潛水中心",燕魚區、砂島、獨立礁,https://m10314254.wixsite.com/divedragon
CTdiver 墾丁PADI潛水中心,null,南部地區,屏東縣,946屏東縣恆春鎮大光路85-5號,21.94797171,120.7410326,08:00,17:00,15:00,null,null,11:00,"開車自行前往
大眾運輸→高鐵左營站>9189台灣好行墾丁快線>步行> 102墾丁街車藍線經貓鼻頭>步行> CTdiver 墾丁PADI潛水中心",燕魚區、砂島、獨立礁,https://www.ctdiver.com/about/1.htm
E哥潛水休閒會館,null,南部地區,屏東縣,946屏東縣恆春鎮大光路115-13號,21.94666186,120.7397882,08:00,20:00,null,null,null,null,"開車自行前往
大眾運輸→高鐵左營站>9189台灣好行墾丁快線>步行> 102墾丁街車藍線經貓鼻頭>步行> E哥潛水休閒會館",燕魚區、砂島、獨立礁,https://www.facebook.com/people/E-%E5%93%A5%E6%BD%9B%E6%B0%B4/100064028290133/
台客潛水TK.Diving,TK.Diving,南部地區,屏東縣,946屏東縣恆春鎮大光路56-55號,21.94642543,120.7340795,08:00,18:00,null,null,null,null,"開車自行前往
大眾運輸→高鐵左營站>9189台灣好行墾丁快線>步行> 102墾丁街車藍線經貓鼻頭>步行>台客潛水TK.Diving",北岸花園、砂島、獨立礁,https://www.instagram.com/tk_diving_pro/
深呼吸潛水渡假民宿 Azure Journey Dive & Villa, Azure Journey Dive & Villa,南部地區,屏東縣,946屏東縣恆春鎮大光路120號-3號,21.94574971,120.7388954,null,null,null,null,null,null,"開車自行前往
大眾運輸→高鐵左營站>9189台灣好行墾丁快線>步行> 102墾丁街車藍線經貓鼻頭>步行>深呼吸潛水渡假民宿 Azure Journey Dive & Villa",北岸花園、砂島、獨立礁,https://www.azurejourneydive.com/
台客＋,,南部地區,屏東縣,946屏東縣恆春鎮大光路123-9號,21.94471614,120.7395381,,,,,,,,,
南青潛水 DivePro, DivePro,南部地區,屏東縣,946屏東縣恆春鎮大光路79-45號,21.94577715,120.7424439,08:00,22:00,null,null,null,null,"開車自行前往
大眾運輸→高鐵左營站>9189台灣好行墾丁快線>步行> 102墾丁街車藍線經貓鼻頭>步行>南青潛水 DivePro",北岸花園、砂島、獨立礁,https://www.divepro.tw/
墾丁安可浮潛,ANKE Snorkeling,南部地區,屏東縣,946屏東縣恆春鎮大光路79-32號,21.94565127,120.7425617,09:00,15:00,null,null,null,null,"開車自行前往
大眾運輸→高鐵左營站>9189台灣好行墾丁快線>步行>719水泉線小黃公車>步行>墾丁安可浮潛",北岸花園、砂島、獨立礁,http://anke.com.tw/about.php
泡泡隆潛水,Diving club,南部地區,屏東縣,946屏東縣恆春鎮大光路79-49號,21.94477882,120.7428344,08:00,17:30,15:00,null,null,11:00,"開車自行前往
大眾運輸→高鐵左營站>9189台灣好行墾丁快線>步行>719水泉線小黃公車>步行>泡泡隆潛水",北岸花園、砂島、獨立礁,https://www.instagram.com/bbl_diving/
墾丁舒服潛水,COZIDIVE KENTING,南部地區,屏東縣,946屏東縣恆春鎮大光路79-49號,21.94471662,120.7428546,08:00,20:00,null,null,null,null,"開車自行前往
大眾運輸→台鐵新左營站>枋寮車站>步行> 9189台灣好行墾丁快線>步行>719水泉線小黃公車>步行>墾丁舒服潛水",北岸花園、砂島、獨立礁,https://www.facebook.com/cozidive/?locale=zh_TW
台灣潛水墾丁店,Taiwan Dive Center,南部地區,屏東縣,946屏東縣恆春鎮大光路55-60號,21.94309189,120.7363595,08:00,22:30,15:00,null,null,11:00,"開車自行前往
大眾運輸→台鐵新左營站>枋寮車站>步行> 9189台灣好行墾丁快線>步行>719水泉線小黃公車>步行>台灣潛水墾丁店",北岸花園、砂島、獨立礁,https://www.taiwan-dive.com/about-tdc
藍洞潛水Blue Hole Dive Center,Blue Hole Dive Center,南部地區,屏東縣,946屏東縣恆春鎮大光路128-12號,21.94135213,120.7371167,null,null,15:00,null,null,11:00,"開車自行前往
大眾運輸→台鐵新左營站>枋寮車站>步行> 9189台灣好行墾丁快線>步行>719水泉線小黃公車>步行>藍洞潛水Blue Hole Dive Center",北岸花園、砂島、獨立礁,https://www.facebook.com/blueholedive/?locale=zh_TW
徜洋潛水訓練中心,null,南部地區,屏東縣,94646屏東縣恆春鎮大光路138-8號,21.93829138,120.7351533,08:00,23:00,15:00,null,null,11:00,"開車自行前往
大眾運輸→高鐵左營站>9189台灣好行墾丁快線>步行> 102墾丁街車藍線經貓鼻頭>步行>徜洋潛水訓練中心",北岸花園、砂島、獨立礁,https://shop1688.com.tw/aom20190828051/#about
鯨目自由潛水,Cetacea,南部地區,屏東縣,946屏東縣恆春鎮大光路138-2號,21.93743882,120.7335715,09:00,16:30,15:00,null,null,11:00,"開車自行前往
大眾運輸→高鐵左營站>9189台灣好行墾丁快線>步行> 102墾丁街車藍線經貓鼻頭>步行>鯨目自由潛水",北岸花園、砂島、獨立礁,https://www.facebook.com/oceancetacea/
光合樂潛水度假中心,null,南部地區,屏東縣,946屏東縣恆春鎮大光路138之36號,21.93630504,120.7345034,null,null,15:00,null,null,11:00,"開車自行前往
大眾運輸→高鐵左營站>9189台灣好行墾丁快線>步行> 102墾丁街車藍線經貓鼻頭>步行>光合樂潛水度假中心",北岸花園、砂島、獨立礁,https://www.facebook.com/delightdiveresort/
墾丁南灣小浪花,null,南部地區,屏東縣,946屏東縣恆春鎮大光路140-5號,21.93510059,120.7316745,09:00,18:00,null,null,null,null,"開車自行前往
大眾運輸→高鐵左營站>9189台灣好行墾丁快線>步行> 102墾丁街車藍線經貓鼻頭>步行>墾丁南灣小浪花",北岸花園、砂島、獨立礁,https://www.facebook.com/SiaoLangHua/?locale=zh_TW
啊娃潛水 ‧ WaWa Dive Club‧,WaWa Dive Club,南部地區,屏東縣,946屏東縣恆春鎮下泉路7-7號,21.93189485,120.7309783,08:00,18:00,null,null,null,null,"開車自行前往
大眾運輸→高鐵左營站>9189台灣好行墾丁快線>步行> 102墾丁街車藍線經貓鼻頭>步行>啊娃潛水 ‧WaWa Dive Club ‧",北岸花園、砂島、獨立礁,https://www.facebook.com/WaWaDiveClub/
活力潛水中心,null,南部地區,屏東縣,946屏東縣恆春鎮下泉路44號墾丁國家公園,21.92886704,120.7331563,07:00,18:00,null,null,null,null,"開車自行前往
大眾運輸→高鐵左營站>9189台灣好行墾丁快線>步行> 102墾丁街車藍線經貓鼻頭>步行>活力潛水中心",北岸花園、砂島、獨立礁,https://www.facebook.com/holydiving/?locale=zh_TW
Drifters' Diving Club 浪兒潛水俱樂部,Drifters' Diving Club,南部地區,屏東縣,946屏東縣恆春鎮下泉路66-2號,21.92800637,120.7321924,09:00,17:00,15:00,null,null,11:00,"開車自行前往
大眾運輸→高鐵左營站>9189台灣好行墾丁快線>步行> 102墾丁街車藍線經貓鼻頭>步行> Drifters' Diving Club 浪兒潛水俱樂部",北岸花園、砂島、獨立礁,https://driftdiveclub.wordpress.com/about/
三鮫貓潛水,null,南部地區,屏東縣,946006屏東縣恆春鎮下泉路47-2號,21.92861903,120.7327842,08:00,21:00,15:00,null,null,11:00,"開車自行前往
大眾運輸→高鐵左營站>9189台灣好行墾丁快線>步行>719水泉線小黃公車>步行>三鮫貓潛水",北岸花園、砂島、獨立礁,https://www.facebook.com/C.Dive.ssi/
南勇浮潛企業社,NANYUNG DIVE,南部地區,屏東縣,946屏東縣恆春鎮大光路79-56號,21.94248158,120.7431704,08:30,16:00,null,null,null,null,"開車自行前往
大眾運輸→高鐵左營站>9189台灣好行墾丁快線>步行> 102墾丁街車藍線經貓鼻頭>步行>南勇浮潛企業社",北岸花園、砂島、獨立礁,https://nanyung.com.tw/
HDK旱鴨子自由潛水(HanDucK),HanDucK,南部地區,屏東縣,946屏東縣恆春鎮墾丁路通海巷195號,21.94490758,120.7979983,00:00,23:59,null,null,null,null,"開車自行前往
大眾運輸→高鐵左營站>9189台灣好行墾丁快線>步行> HDK旱鴨子自由潛水",香蕉灣海底愛心、海神叉,https://hdkdive.com.tw/about-us-hdk-diving-training-center/
自立潛水,null,南部地區,屏東縣,946屏東縣恆春鎮船帆路842號,21.93566407,120.8226125,08:00,17:00,null,null,null,null,"開車自行前往
大眾運輸→高鐵左營站>9189台灣好行墾丁快線>步行>自立潛水",出水口、後壁湖餵魚區、萬里桐,https://hotel.twagoda.com/entry/2131923
野人日記,null,外島/離島地區,澎湖縣, 881澎湖縣西嶼鄉內垵村,23.57384054,119.5054569,00:00,23:59,null,null,null,null,搭乘火車至鼓山車站>搭乘客運至捷運西子灣站>步行至新濱碼頭/n>搭乘渡輪至馬公港>步行九分鐘至馬公總站>搭乘客運至內垵北站/n>步行五分鐘抵達,浮潛秘境海底郵筒、杭灣、東西吉廊道,https://www.facebook.com/profile.php?id=100070524001083&locale=zh_TW
PIDC亞果國際潛水中心,null,外島/離島地區,澎湖縣,880澎湖縣馬公市?裡360號,23.5290444,119.5541421,09:00,18:00,null,null,null,null,搭乘火車至鼓山車站>搭乘客運至捷運西子灣站>步行至新濱碼頭/n>搭乘渡輪至馬公港>步行九分鐘至馬公總站>搭乘客運至青灣站/n>步行九分鐘抵達,杭灣；月鯉灣、薰衣草森林,https://www.facebook.com/pidc360/
稻荷潛水中心InariDive,null,外島/離島地區,澎湖縣,880澎湖縣馬公市160號,23.52625804,119.5679892,09:00,19:00,null,null,null,null,搭乘火車至鼓山車站>搭乘客運至捷運西子灣站>步行至新濱碼頭/n>搭乘渡輪至馬公港>步行九分鐘至馬公總站/n>搭乘客運至蒔裡海水浴場,月鯉灣、南方四島、薰衣草森林,https://www.facebook.com/inaridive/
波賽頓海洋運動俱樂部 - Poseidon Water Sports Club,Poseidon Water Sports Club,外島/離島地區,澎湖縣,880澎湖縣馬公市52號之7 1樓,23.52303526,119.5719536,09:00,18:00,null,null,null,null,搭乘火車至鼓山車站>搭乘客運至捷運西子灣站>步行至新濱碼頭/n>搭乘渡輪至馬公港>步行九分鐘至馬公總站/n>搭乘客運至蒔裡東站,浮潛秘境海底郵筒、月鯉灣、南方四島,https://poseidon.rezio.shop/zh-TW/about
陽光阿有,null,外島/離島地區,澎湖縣,880澎湖縣馬公市號,23.51819917,119.5928233,09:00,17:00,null,null,null,null,搭乘火車至鼓山車站>搭乘客運至捷運西子灣站>步行至新濱碼頭/n>搭乘渡輪至馬公港>步行九分鐘至馬公總站>搭乘客運至山水北站/n>步行兩分鐘抵達,杭灣、南方四島、東西吉廊道,https://www.facebook.com/profile.php?id=100079058754299
海洋途徑潛水,Ocean Channel Diving,外島/離島地區,澎湖縣,880澎湖縣馬公市No170 Jimuwu,23.52537828,119.5927095,09:00,17:00,null,null,null,null,搭乘火車至鼓山車站>搭乘客運至捷運西子灣站>步行至新濱碼頭/n>搭乘渡輪至馬公港>步行九分鐘至馬公總站>搭乘客運至鎖港圓環/n>步行十分鐘抵達,南方四島、薰衣草森林、東西吉廊道,https://oceanchannel.com.tw/about/ocean/
海獺潛水,Seaotter Dive,外島/離島地區,澎湖縣,880澎湖縣馬公市鎖港里1933號,23.52428081,119.5963257,08:00,18:00,null,null,null,null,搭乘火車至鼓山車站>搭乘客運至捷運西子灣站>步行至新濱碼頭/n>搭乘渡輪至馬公港>步行九分鐘至馬公總站>搭乘客運至鎖港圓環/n>步行四分鐘抵達,杭灣、月鯉灣、南方四島,https://seaotterdive.com/
波賽頓山水店（水肺潛水/浮潛）,null,外島/離島地區,澎湖縣,880澎湖縣馬公市鎖港里1962號1樓,23.52360952,119.5968405,08:00,18:00,null,null,null,null,搭乘火車至鼓山車站>搭乘客運至捷運西子灣站>步行至新濱碼頭/n>搭乘渡輪至馬公港>步行九分鐘至馬公總站>搭乘客運至山水國小/n>步行三分鐘抵達,月鯉灣、南方四島、東西吉廊道,"https://www.google.com/maps/place/%E6%B3%A2%E8%B3%BD%E9%A0%93%E5%B1%B1%E6%B0%B4%E5%BA%97%EF%BC%88%E6%B0%B4%E8%82%BA%E6%BD%9B%E6%B0%B4%2F%E6%B5%AE%E6%BD%9B%EF%BC%89/@23.5235934,119.5942615,17z/data=!3m1!4b1!4m6!3m5!1s0x346c516132bbf715:0xbebbb6245c85ccd6!8m2!3d23.5235934!4d119.5968364!16s%2Fg%2F11sqxhwmy9?hl=zh-TW&entry=ttu"
日日潛水,Gooday Dive,外島/離島地區,澎湖縣,880澎湖縣馬公市68-2號,23.53445205,119.6023905,08:00,18:00,null,null,null,null,搭乘火車至鼓山車站>搭乘客運至捷運西子灣站>步行至新濱碼頭/n>搭乘渡輪至馬公港>步行九分鐘至馬公總站>搭乘客運至鐵線外站/n>步行一分鐘抵達,澎湖密境海底郵筒、月鯉灣、薰衣草森林,https://www.goodaydive.com/
PADI澎湖興仁潛水訓練中心(有些活動有含住宿),null,外島/離島地區,澎湖縣,88053澎湖縣馬公市烏崁里128號之25,23.5480137,119.6177301,08:00,23:30,null,null,null,null,搭乘火車至鼓山車站>搭乘客運至捷運西子灣站>步行至新濱碼頭/n>搭乘渡輪至馬公港>步行九分鐘至馬公總站>搭乘客運至興仁國小/n>步行一分鐘抵達,南方四島、薰衣草森林、東西吉廊道,http://www.padidanny.com/zh/about
喬米潛水 薰衣草海底郵筒浮潛 體驗潛水,null,外島/離島地區,澎湖縣,885澎湖縣湖西鄉隘門村16-10號88593,23.56440842,119.6351461,08:00,18:00,null,null,null,null,搭乘火車至鼓山車站>搭乘客運至捷運西子灣站>步行至新濱碼頭/n>搭乘渡輪至馬公港>步行九分鐘至馬公總站>搭乘客運至隘門國小/n>步行一分鐘抵達,杭灣、月鯉灣、薰衣草森林,https://www.facebook.com/JOEMIDIVE/
澎湖潛水會,null,外島/離島地區,澎湖縣,880澎湖縣馬公市漁隆路7-1號,23.56555732,119.568845,07:00,22:00,null,null,null,null,搭乘火車至鼓山車站>搭乘客運至捷運西子灣站>步行至新濱碼頭/n>搭乘渡輪至馬公港>步行九分鐘至馬公總站>步行七分鐘抵達,浮潛秘境海底郵筒、月鯉灣、南方四島,"https://www.google.com/maps/place/%E6%BE%8E%E6%B9%96%E6%BD%9B%E6%B0%B4%E6%9C%83/@23.5655414,119.5662696,17z/data=!3m1!4b1!4m6!3m5!1s0x346c5aed5f98ffab:0xa8340ee1c70cd93f!8m2!3d23.5655414!4d119.5688445!16s%2Fg%2F1pzv3kcy7?hl=zh-TW&entry=ttu"
琉浪潛水背包客棧Drift Diving Hostel,Drift Diving Hostel,外島/離島地區,屏東縣,929屏東縣琉球鄉忠孝路一巷2-6號,22.32495307,120.3644877,08:00,21:00,15:00,22:00,07:00,11:00,搭乘火車至屏東車站>搭乘客運至上東港/n>步行三十分鐘至鹽埔港>搭乘渡輪至大福渡船碼頭/n>步行二十分鐘抵達(或可租車前往),花瓶岩、中澳、厚石,https://driftdivinghostel.com/%e9%97%9c%e6%96%bc%e7%90%89%e6%b5%aa/
天天潛水,DayDayDive,外島/離島地區,屏東縣,929屏東縣琉球鄉環島公路,22.32864706,120.3545638,07:30,20:30,null,null,null,null,搭乘火車至屏東車站>搭乘客運至上東港/n>步行十二分鐘至東港渡船碼頭>搭乘渡輪至大福渡船碼頭/n>步行五十分鐘抵達(或可租車前往),中澳、電廠、龍蝦洞,https://www.daydaydive.com/
奧之海潛水旅宿 Odyssey Divers Hostel,Odyssey Divers Hostel,外島/離島地區,屏東縣,929屏東縣琉球鄉中正路57號,22.32786016,120.3576314,00:00,23:59,null,null,null,null,搭乘火車至屏東車站>搭乘客運至上東港/n>步行十二分鐘至東港渡船碼頭>搭乘渡輪至大福渡船碼頭/n>步行三十四分鐘抵達(或可租車前往),厚石、海子口、衫福,https://odysseydivers.weebly.com/
AIRTIME Diving 潛水工作室,AIRTIME Diving,外島/離島地區,屏東縣,929屏東縣琉球鄉信義路11-1號貨櫃屋,22.32873843,120.357576,08:00,17:00,null,null,null,null,搭乘火車至屏東車站>搭乘客運至上東港/n>步行十二分鐘至東港渡船碼頭>搭乘渡輪至大福渡船碼頭/n>步行三十二分鐘抵達(或可租車前往),電廠、多仔坪、龍蝦洞,https://www.facebook.com/profile.php?id=100064327983135
洋Free diving-高雄自由潛水 / 小琉球 / 墾丁,null,外島/離島地區,屏東縣,929屏東縣琉球鄉信義路11-1號,22.32872168,120.3576129,10:00,17:00,null,null,null,null,搭乘火車至屏東車站>搭乘客運至上東港/n>步行十二分鐘至東港渡船碼頭>搭乘渡輪至大福渡船碼頭/n>步行三十二分鐘抵達(或可租車前往),花瓶岩、電廠、衫福,https://www.facebook.com/KhFdLu/?locale=zh_TW
琉影潛水,IMAGE Diving Club,外島/離島地區,屏東縣,929屏東縣琉球鄉中正路1巷90-2號,22.33049756,120.3586706,null,null,null,null,null,null,搭乘火車至屏東車站>搭乘客運至上東港/n>步行十二分鐘至東港渡船碼頭>搭乘渡輪至大福渡船碼頭/n>步行三十一分鐘抵達(或可租車前往),電廠、厚石、海子口,https://www.facebook.com/image.diving/
Shengdiving,Sheng Diving,外島/離島地區,屏東縣,92942屏東縣琉球鄉忠孝路108號,22.32907576,120.3639312,08:00,20:00,null,null,null,null,搭乘火車至屏東車站>搭乘客運至上東港/n>步行十二分鐘至東港渡船碼頭>搭乘渡輪至大福渡船碼頭/n>步行二十六分鐘抵達(或可租車前往),海子口、多仔坪、龍蝦洞,https://www.facebook.com/Shengdiving/
鬥陣潛水小琉球分部,null,外島/離島地區,屏東縣,929屏東縣琉球鄉忠孝路120之8號,22.32930899,120.3641583,09:00,18:00,null,null,null,null,搭乘火車至屏東車站>搭乘客運至上東港/n>步行十二分鐘至東港渡船碼頭>搭乘渡輪至大福渡船碼頭/n>步行二十六分鐘抵達(或可租車前往),花瓶岩、中澳、電廠,https://www.joindiving.com.tw/h/about?key=656715000196&cont=93346
SaltyMind Freediving 鹹腦袋自由潛水,SaltyMind Freediving,外島/離島地區,屏東縣,929屏東縣琉球鄉中正路137號,22.33111529,120.3627512,08:00,17:00,null,null,null,null,搭乘火車至屏東車站>搭乘客運至上東港/n>步行十二分鐘至東港渡船碼頭>搭乘渡輪至大福渡船碼頭/n>步行二十三分鐘抵達(或可租車前往),厚石、龍蝦洞、衫福,https://saltymindfreediving.com/
小琉球悠遊潛水,null,外島/離島地區,屏東縣,929屏東縣琉球鄉中興路1之8號,22.33312559,120.3628047,08:00,20:00,null,null,null,null,搭乘火車至屏東車站>搭乘客運至上東港/n>步行十二分鐘至東港渡船碼頭>搭乘渡輪至大福渡船碼頭/n>步行二十七分鐘抵達(或可租車前往),花瓶岩、海子口、龍蝦洞,https://www.facebook.com/YOYODIVE/?locale=zh_TW
Free4Ocean 自由潛水,Free4Ocean,外島/離島地區,屏東縣,92942屏東縣琉球鄉和平路1巷9號,22.33354386,120.3724048,08:30,17:30,null,null,null,null,搭乘火車至屏東車站>搭乘客運至上東港/n>步行十二分鐘至東港渡船碼頭>搭乘渡輪至大福渡船碼頭/n>步行七分鐘抵達(或可租車前往),海子口、多仔坪、衫福,https://www.facebook.com/free4ocean/
VD自由潛水【小琉球教室】| VD Freediving Taiwan,VD Freediving,外島/離島地區,屏東縣,屏東縣琉球鄉和平路1號2樓,22.33393083,120.3725755,08:00,19:00,null,null,null,null,搭乘火車至屏東車站>搭乘客運至上東港/n>步行十二分鐘至東港渡船碼頭>搭乘渡輪至大福渡船碼頭/n>步行七分鐘抵達(或可租車前往),中澳、電廠、龍蝦洞,https://www.vdfreediving.com/instructors
co_diving 自由潛水工作室,null,外島/離島地區,屏東縣,929屏東縣琉球鄉和平路3巷1-5號,22.33476833,120.3718092,09:00,22:00,null,null,null,null,搭乘火車至屏東車站>搭乘客運至上東港/n>步行十二分鐘至東港渡船碼頭>搭乘渡輪至大福渡船碼頭/n>步行五分鐘抵達(或可租車前往),花瓶岩、中澳、厚石,https://www.facebook.com/people/co_diving/100063652736007/?paipv=0&eav=Afax3WhxRnvy_2XpwNd3okBJpAVeGJxpQPs0bSpQH1iKdjtvPqYl9q1uwcSZNewLCWM&_rdr
酷落潛水 Kuroshio Diving,Kuroshio Diving,外島/離島地區,屏東縣,929屏東縣琉球鄉和平路13-3號,22.3352976,120.3714012,08:00,18:00,null,null,null,null,搭乘火車至屏東車站>搭乘客運至上東港/n>步行十二分鐘至東港渡船碼頭>搭乘渡輪至大福渡船碼頭/n>步行五分鐘抵達(或可租車前往),電廠、多仔坪、龍蝦洞,https://www.facebook.com/Kuroshiodiving/
小琉球-小綠龜潛水,null,外島/離島地區,屏東縣,929屏東縣琉球鄉和平路32-5號,22.33596029,120.3713078,08:00,22:00,null,null,null,null,搭乘火車至屏東車站>搭乘客運至上東港/n>步行十二分鐘至東港渡船碼頭>搭乘渡輪至大福渡船碼頭/n>步行五分鐘抵達(或可租車前往),電廠、厚石、海子口,https://www.lgt-diving.com.tw/about.html
EXTD diving center 延伸潛水,EXTD diving center,外島/離島地區,屏東縣,929屏東縣琉球鄉中興路33-360號,22.33752494,120.3673792,08:00,21:00,null,null,null,null,搭乘火車至屏東車站>搭乘客運至上東港/n>步行十二分鐘至東港渡船碼頭>搭乘渡輪至大福渡船碼頭/n>步行十九分鐘抵達(或可租車前往),厚石、海子口、衫福,https://www.facebook.com/extddivingcenter/
蜂潛水海洋俱樂部潛水中心,DivingBee Club,外島/離島地區,屏東縣,92942屏東縣琉球鄉中興路33-39號,22.33765313,120.3672215,08:00,20:00,null,null,null,null,搭乘火車至屏東車站>搭乘客運至上東港/n>步行十二分鐘至東港渡船碼頭>搭乘渡輪至大福渡船碼頭/n>步行十九分鐘抵達(或可租車前往),花瓶岩、電廠、衫福,https://www.facebook.com/divingbee/?locale=zh_TW
快樂小魚潛水教學中心,null,外島/離島地區,屏東縣,929屏東縣琉球鄉復興路七號,22.33954055,120.3630489,00:00,23:59,null,null,null,null,搭乘火車至屏東車站>搭乘客運至上東港/n>步行十二分鐘至東港渡船碼頭>搭乘渡輪至大福渡船碼頭/n>步行二十八分鐘抵達(或可租車前往),花瓶岩、中澳、厚石,https://www.facebook.com/happylittlefish/?locale=zh_TW
哈尼潛水 Hot Diving,Hot Diving,外島/離島地區,屏東縣,929屏東縣琉球鄉杉板路53巷16之1號,22.34064785,120.3662194,08:00,22:00,null,null,null,null,搭乘火車至屏東車站>搭乘客運至上東港/n>步行十二分鐘至東港渡船碼頭>搭乘渡輪至大福渡船碼頭/n>步行二十二分鐘抵達(或可租車前往),電廠、多仔坪、龍蝦洞,https://www.facebook.com/HotDiving/?locale=zh_TW
瘋潛雪 Fun Dive Ski,Fun Dive Ski,外島/離島地區,屏東縣,929屏東縣琉球鄉杉板路30-1號,22.34070967,120.3655891,00:00,23:59,null,null,null,null,搭乘火車至屏東車站>搭乘客運至上東港/n>步行十二分鐘至東港渡船碼頭>搭乘渡輪至大福渡船碼頭/n>步行二十八分鐘抵達(或可租車前往),電廠、厚石、海子口,https://www.facebook.com/FunDiveSki/
heyheyDive,HeyHeyDive,外島/離島地區,屏東縣,929屏東縣琉球鄉上福村杉板路30號之1,22.34130836,120.3652691,10:00,22:00,null,null,null,null,搭乘火車至屏東車站>搭乘客運至上東港/n>步行十二分鐘至東港渡船碼頭>搭乘渡輪至大福渡船碼頭/n>步行二十四分鐘抵達(或可租車前往),花瓶岩、電廠、衫福,https://www.heyheydive.com/instructors
白牌自由潛水中心,White Card Freediving,外島/離島地區,屏東縣,929屏東縣琉球鄉肚仔坪路15之2號,22.34277216,120.363438,09:00,18:00,15:00,null,11:00,null,搭乘火車至屏東車站>搭乘客運至上東港/n>步行十二分鐘至東港渡船碼頭>搭乘渡輪至大福渡船碼頭/n>步行二十六分鐘抵達(或可租車前往,中澳、電廠、龍蝦洞,https://whitecard.business.site/#summary
小琉球369浮潛店,null,外島/離島地區,屏東縣,929屏東縣琉球鄉上杉路1巷80號92942,22.33977502,120.3693908,08:00,16:00,null,null,null,null,搭乘火車至屏東車站>搭乘客運至上東港/n>步行十二分鐘至東港渡船碼頭>搭乘渡輪至大福渡船碼頭/n>步行十六分鐘抵達(或可租車前往),電廠、多仔坪、龍蝦洞,https://www.facebook.com/snorkeling369?locale=zh_TW
啾開心浮潛,null,外島/離島地區,屏東縣,929屏東縣琉球鄉上杉路1巷3號,22.34041758,120.3696432,08:00,17:00,null,null,null,null,搭乘火車至屏東車站>搭乘客運至上東港/n>步行十二分鐘至東港渡船碼頭>搭乘渡輪至大福渡船碼頭/n>步行十七分鐘抵達(或可租車前往),電廠、多仔坪、龍蝦洞,https://www.facebook.com/people/%E5%95%BE%E9%96%8B%E5%BF%83%E6%B5%AE%E6%BD%9B/100085367326063/
Dive Buddy 自由潛水工作室&背包客棧,DiveBuddy,外島/離島地區,屏東縣,929屏東縣琉球鄉中正路188之6號,22.34054099,120.371368,08:00,22:00,null,null,null,null,搭乘火車至屏東車站>搭乘客運至上東港/n>步行十二分鐘至東港渡船碼頭>搭乘渡輪至大福渡船碼頭/n>步行十五分鐘抵達(或可租車前往),厚石、海子口、衫福,https://www.dbfreedive.com/?gclid=Cj0KCQjwk96lBhDHARIsAEKO4xYanP55N9dFkzDv1a6CYjfCSYQkMP67CRt3b6z9YWjCjEeIMeiI14QaAoNTEALw_wcB
流星潛水中心,Meteor Diving Center,外島/離島地區,屏東縣,929屏東縣琉球鄉上杉路18之15號,22.34138674,120.3691835,08:00,20:00,null,null,null,null,搭乘火車至屏東車站>搭乘客運至上東港/n>步行十二分鐘至東港渡船碼頭>搭乘渡輪至大福渡船碼頭/n>步行十八分鐘抵達(或可租車前往),海子口、多仔坪、龍蝦洞,https://www.facebook.com/Padi482097/?locale=zh_TW
小琉球潛吧潛水DIVE BAR,Dive Bar,外島/離島地區,屏東縣,929屏東縣琉球鄉上杉路31巷2號,22.34196036,120.3687336,08:00,17:00,null,null,null,null,搭乘火車至屏東車站>搭乘客運至上東港/n>步行十二分鐘至東港渡船碼頭>搭乘渡輪至大福渡船碼頭/n>步行十九分鐘抵達(或可租車前往),中澳、電廠、龍蝦洞,https://dive-element.weebly.com/
潛境自由潛水,Freediving Realm,外島/離島地區,屏東縣,929001屏東縣琉球鄉中華路2-2號,22.34231959,120.3693887,00:00,23:59,null,null,null,null,搭乘火車至屏東車站>搭乘客運至上東港/n>步行十二分鐘至東港渡船碼頭>搭乘渡輪至白沙尾渡船碼頭/n>步行三十七分鐘抵達(或可租車前往),電廠、多仔坪、龍蝦洞,https://www.facebook.com/profile.php?id=100064290751530
島氮潛水社 Playful Dive Club,Playful Dive Club,外島/離島地區,屏東縣,929屏東縣琉球鄉中華路21-11號,22.34333912,120.369738,09:00,17:00,15:00,null,11:00,null,搭乘火車至屏東車站>搭乘客運至上東港/n>步行十二分鐘至東港渡船碼頭>搭乘渡輪至白沙尾渡船碼頭/n>步行三十六分鐘抵達(或可租車前往),電廠、多仔坪、龍蝦洞,https://www.facebook.com/playfuldiveclub/
小琉球 小丑魚浮潛,null,外島/離島地區,屏東縣,929屏東縣琉球鄉中山路925號,22.3424077,120.3728204,08:00,17:00,null,null,null,null,搭乘火車至屏東車站>搭乘客運至上東港/n>步行十二分鐘至東港渡船碼頭>搭乘渡輪至白沙尾渡船碼頭/n>步行三十分鐘抵達(或可租車前往),花瓶岩、中澳、厚石,https://dive-club-93.business.site/
DEEPSOUL,Deap Soul,外島/離島地區,屏東縣,929屏東縣琉球鄉三民路1之56號,22.34189712,120.3845845,null,null,null,null,null,null,搭乘火車至屏東車站>搭乘客運至上東港/n>步行十二分鐘至東港渡船碼頭>搭乘渡輪至白沙尾渡船碼頭/n>步行二十二分鐘抵達(或可租車前往),中澳、電廠、龍蝦洞,https://www.deepsoul.center/
蹼客基地,Flipper's,外島/離島地區,屏東縣,929屏東縣琉球鄉三民路39-1號前方,22.34502459,120.3863856,09:00,22:00,null,null,null,null,搭乘火車至屏東車站>搭乘客運至上東港/n>步行十二分鐘至東港渡船碼頭>搭乘渡輪至白沙尾渡船碼頭/n>步行十七分鐘抵達(或可租車前往),電廠、多仔坪、龍蝦洞,https://diving-center-76.business.site/
阿貴潛水中心,Aguidive,外島/離島地區,屏東縣,929屏東縣琉球鄉環島公路40-1號,22.3461279,120.3883345,07:00,20:00,null,null,null,null,搭乘火車至屏東車站>搭乘客運至上東港/n>步行十二分鐘至東港渡船碼頭>搭乘渡輪至白沙尾渡船碼頭/n>步行十七分鐘抵達(或可租車前往),電廠、多仔坪、龍蝦洞,https://www.aguidive.com/index.html
Freedive Nomad Taiwan,Freedive Nomad Taiwan,外島/離島地區,屏東縣,929屏東縣琉球鄉行政路20-12號,22.34782933,120.3823451,08:00,17:00,null,null,null,null,搭乘火車至屏東車站>搭乘客運至上東港/n>步行十二分鐘至東港渡船碼頭>搭乘渡輪至白沙尾渡船碼頭/n>步行十三分鐘抵達(或可租車前往),花瓶岩、電廠、衫福,https://www.freedivenomadtaiwan.com/
O2潛水俱樂部,null,外島/離島地區,屏東縣,929屏東縣琉球鄉三民路151之9號,22.3472335,120.3850874,00:00,23:59,null,null,null,null,搭乘火車至屏東車站>搭乘客運至上東港/n>步行十二分鐘至東港渡船碼頭>搭乘渡輪至白沙尾渡船碼頭/n>步行十四分鐘抵達(或可租車前往),中澳、電廠、龍蝦洞,https://www.facebook.com/o2originocean/
萊這哩浮潛,null,外島/離島地區,屏東縣,929屏東縣琉球鄉本漁路81巷22之1號,22.34797586,120.385173,08:00,18:00,null,null,null,null,搭乘火車至屏東車站>搭乘客運至上東港/n>步行十二分鐘至東港渡船碼頭>搭乘渡輪至白沙尾渡船碼頭/n>步行十三分鐘抵達(或可租車前往),電廠、厚石、海子口,https://www.facebook.com/profile.php?id=100063669355073
琉潛貨櫃潛水旅宿 Liuqiu Dive,null,外島/離島地區,屏東縣,929屏東縣琉球鄉本漁路81巷20之2號,22.34799012,120.3852213,08:00,22:00,null,null,null,null,搭乘火車至屏東車站>搭乘客運至上東港/n>步行十二分鐘至東港渡船碼頭>搭乘渡輪至白沙尾渡船碼頭/n>步行十三分鐘抵達(或可租車前往),花瓶岩、中澳、厚石,https://www.liuqiudive.com/?gclid=Cj0KCQjwk96lBhDHARIsAEKO4xZkiGXQOdgkRZhEEVtdwjhQycyuWeFrk3spFHbJwF6KitExOBZxSooaAi5WEALw_wcB
小琉球潛水阿貴民宿 包棟住宿 / 潛水體驗 / 旅遊,null,外島/離島地區,屏東縣,929屏東縣琉球鄉三民路58號,22.34808492,120.3881465,00:00,23:59,null,null,null,null,搭乘火車至屏東車站>搭乘客運至上東港/n>步行十二分鐘至東港渡船碼頭>搭乘渡輪至白沙尾渡船碼頭/n>步行十二分鐘抵達(或可租車前往),厚石、海子口、衫福,https://ryukyu.minsu918.com.tw/home.php?sn=178
海之家潛水店,null,外島/離島地區,屏東縣,929屏東縣琉球鄉本漁路48之6號,22.34825205,120.3862701,08:00,17:00,null,null,null,null,搭乘火車至屏東車站>搭乘客運至上東港/n>步行十二分鐘至東港渡船碼頭>搭乘渡輪至白沙尾渡船碼頭/n>步行十一分鐘抵達(或可租車前往),電廠、多仔坪、龍蝦洞,https://www.instagram.com/oceanhomediving/
舶琉潛水浮潛/體驗潛水/海底漫步/SUP立槳/ 獨木舟/遊艇包船,null,外島/離島地區,屏東縣,929屏東縣琉球鄉觀光港路80之10號,22.35108855,120.3855772,08:00,18:00,null,null,null,null,搭乘火車至屏東車站>搭乘客運至上東港/n>步行十二分鐘至東港渡船碼頭>搭乘渡輪至白沙尾渡船碼頭/n>步行五分鐘抵達(或可租車前往),電廠、多仔坪、龍蝦洞,https://www.facebook.com/belauliuqiu/
大眾浮潛,null,外島/離島地區,屏東縣,929屏東縣琉球鄉三民路277號,22.35237684,120.3828201,08:00,16:00,null,null,null,null,搭乘火車至屏東車站>搭乘客運至上東港/n>步行十二分鐘至東港渡船碼頭>搭乘渡輪至白沙尾渡船碼頭/n>步行八分鐘抵達(或可租車前往),中澳、電廠、龍蝦洞,https://www.facebook.com/fr451866/?locale=zh_TW
Om Space 平行時空 ,Om Space,外島/離島地區,屏東縣,929屏東縣琉球鄉三民路243之4號,22.35188466,120.3833945,09:00,18:00,null,null,null,null,搭乘火車至屏東車站>搭乘客運至上東港/n>步行十二分鐘至東港渡船碼頭>搭乘渡輪至白沙尾渡船碼頭/n>步行九分鐘抵達(或可租車前往),電廠、厚石、海子口,https://omspacefreediving.com/
小琉球潛水-潛雪SnowDiving,SnowDiving,外島/離島地區,屏東縣,929屏東縣琉球鄉三民路224之1號,22.3519139,120.3835342,08:00,22:00,null,null,null,null,搭乘火車至屏東車站>搭乘客運至上東港/n>步行十二分鐘至東港渡船碼頭>搭乘渡輪至白沙尾渡船碼頭/n>步行二十四分鐘抵達(或可租車前往),海子口、多仔坪、龍蝦洞,https://www.facebook.com/profile.php?id=100063568706460
小琉球-琉球夯浮潛,null,外島/離島地區,屏東縣,"1-13 民族路, 琉球鄉屏東縣929",22.35263441,120.3836087,null,null,null,null,null,null,搭乘火車至屏東車站>搭乘客運至上東港/n>步行十二分鐘至東港渡船碼頭>搭乘渡輪至白沙尾渡船碼頭/n>步行七分鐘抵達(或可租車前往),電廠、多仔坪、龍蝦洞,https://www.facebook.com/bestbestdiving/?locale=zh_TW
布雷克潛水,Black Dive,外島/離島地區,屏東縣,929屏東縣琉球鄉復興路一巷14號,22.34604581,120.3678375,08:00,18:00,null,null,null,null,搭乘火車至屏東車站>搭乘客運至上東港/n>步行十二分鐘至東港渡船碼頭>搭乘渡輪至白沙尾渡船碼頭/n>步行二十八分鐘抵達(或可租車前往),花瓶岩、中澳、厚石,https://www.facebook.com/profile.php?id=100063855795382&paipv=0&eav=Afas8Sq9E8-XVQf8mo5JluVH9RyqN5LrKf0HAJXo42VkymNFgnAlr-YyE1zxhQcQrGc
阿Ya潛棧 A Ya Diving Hostel,A Ya Diving Hostel,外島/離島地區,屏東縣,929屏東縣琉球鄉復興路99號,22.34670329,120.3689004,08:00,17:00,null,null,null,null,搭乘火車至屏東車站>搭乘客運至上東港/n>步行十二分鐘至東港渡船碼頭>搭乘渡輪至白沙尾渡船碼頭/n>步行二十七分鐘抵達(或可租車前往),電廠、多仔坪、龍蝦洞,https://ayadivehostel.diving.tw/
老婆潛水工作室,null,外島/離島地區,屏東縣,929屏東縣琉球鄉相埔路18之3號,22.34561647,120.3749307,08:00,17:00,null,null,null,null,搭乘火車至屏東車站>搭乘客運至上東港/n>步行十二分鐘至東港渡船碼頭>搭乘渡輪至白沙尾渡船碼頭/n>步行二十分鐘抵達(或可租車前往),花瓶岩、電廠、衫福,https://www.facebook.com/JJDivertw/?locale=zh_TW
小琉球陽光浮潛,null,外島/離島地區,屏東縣,929屏東縣琉球鄉中山路43-20號,22.34650388,120.376614,08:00,16:00,null,null,null,null,搭乘火車至屏東車站>搭乘客運至上東港/n>步行十二分鐘至東港渡船碼頭>搭乘渡輪至白沙尾渡船碼頭/n>步行二十二分鐘抵達(或可租車前往),厚石、海子口、衫福,https://www.facebook.com/Sunlight102615/?locale=zh_TW
秘密客潛水旅宿,Mimic Diving Center,外島/離島地區,屏東縣,929屏東縣琉球鄉相埔路50號之3,22.34662052,120.3738511,10:00,22:00,null,null,null,null,搭乘火車至屏東車站>搭乘客運至上東港/n>步行十二分鐘至東港渡船碼頭>搭乘渡輪至白沙尾渡船碼頭/n>步行二十一分鐘抵達(或可租車前往),花瓶岩、中澳、厚石,https://www.facebook.com/mimicdiving/
派大星潛水／浮潛,null,外島/離島地區,屏東縣,929屏東縣琉球鄉相埔路52 之 1 號,22.34685853,120.3734154,08:00,17:00,null,null,null,null,搭乘火車至屏東車站>搭乘客運至上東港/n>步行十二分鐘至東港渡船碼頭>搭乘渡輪至白沙尾渡船碼頭/n>步行二十二分鐘抵達(或可租車前往),海子口、多仔坪、龍蝦洞,https://www.facebook.com/profile.php?id=100069838821856&locale=zh_TW
水啦潛水教練發展中心,null,外島/離島地區,屏東縣,929屏東縣琉球鄉相埔路92966號附近,22.34690773,120.3729049,09:00,18:00,null,null,null,null,搭乘火車至屏東車站>搭乘客運至上東港/n>步行十二分鐘至東港渡船碼頭>搭乘渡輪至白沙尾渡船碼頭/n>步行二十二分鐘抵達(或可租車前往),電廠、多仔坪、龍蝦洞,https://www.klook.com/zh-TW/activity/55596-diving-experience-padi-xiao-liu-qiu/
流星打氣站,null,外島/離島地區,屏東縣,929屏東縣琉球鄉相埔路79號之9號,22.34686494,120.3715676,08:00,20:00,null,null,null,null,搭乘火車至屏東車站>搭乘客運至上東港/n>步行十二分鐘至東港渡船碼頭>搭乘渡輪至白沙尾渡船碼頭/n>步行二十四分鐘抵達(或可租車前往),電廠、厚石、海子口,https://www.facebook.com/Padi482097/?locale=zh_TW
小琉球潛水-水藍攝潛水 Water blue diving,Water blue diving,外島/離島地區,屏東縣,929屏東縣琉球鄉相埔路88號之8,22.34717553,120.371665,08:00,18:00,null,null,null,null,搭乘火車至屏東車站>搭乘客運至上東港/n>步行十二分鐘至東港渡船碼頭>搭乘渡輪至白沙尾渡船碼頭/n>步行二十四分鐘抵達(或可租車前往),花瓶岩、電廠、衫福,https://www.instagram.com/water_blue_dive/?igshid=YmMyMTA2M2Y%3D
熊潛水培訓中心,Bear Diving,外島/離島地區,屏東縣,929屏東縣琉球鄉相埔路87號,22.34702907,120.3712214,08:00,20:00,15:00,null,null,null,搭乘火車至屏東車站>搭乘客運至上東港/n>步行十二分鐘至東港渡船碼頭>搭乘渡輪至白沙尾渡船碼頭/n>步行二十四分鐘抵達(或可租車前往),電廠、多仔坪、龍蝦洞,https://www.beardive.tw/?fbclid=IwAR1P4UKtrfqiUN8pt5dRpwE2w6ChzI8DbbLZiW3IbiQLkQyclny1sKtsEyM
海世界浮潛,null,外島/離島地區,屏東縣,929屏東縣琉球鄉上杉路101之5號,22.34516417,120.3661274,08:00,20:00,null,null,null,null,搭乘火車至屏東車站>搭乘客運至上東港/n>步行十二分鐘至東港渡船碼頭>搭乘渡輪至白沙尾渡船碼頭/n>步行二十四分鐘抵達(或可租車前往),花瓶岩、中澳、厚石,https://www.facebook.com/profile.php?id=100063710573242
小琉球 愛潛水,null,外島/離島地區,屏東縣,929屏東縣琉球鄉復興路161之99號,22.35089909,120.3752176,08:00,20:00,null,null,null,null,搭乘火車至屏東車站>搭乘客運至上東港/n>步行十二分鐘至東港渡船碼頭>搭乘渡輪至白沙尾渡船碼頭/n>步行二十四分鐘抵達(或可租車前往),厚石、海子口、衫福,無
小海龜水上活動,null,外島/離島地區,屏東縣,屏東縣琉球鄉復興路161之99號,22.34908049,120.3723381,07:30,18:30,null,null,null,null,搭乘火車至屏東車站>搭乘客運至上東港/n>步行十二分鐘至東港渡船碼頭>搭乘渡輪至白沙尾渡船碼頭/n>步行三十二分鐘抵達(或可租車前往),中澳、電廠、龍蝦洞,https://ryukyu-travel.com.tw/web/water/about.html
