店家名,地區,縣市,地址,緯度,經度,連結
千禧山莊,東部地區,花蓮縣,977花蓮縣豐濱鄉三富橋52號,23.4424995,121.4952795,
海公主民宿-Sea Princess B&B,東部地區,花蓮縣,977花蓮縣豐濱鄉新社村東興113之1號,23.63060137,121.5298499,
聖地牙哥山海景日出民宿,東部地區,花蓮縣,977花蓮縣豐濱鄉灣120號港口,23.49110621,121.5104162,
緩慢‧石梯坪,東部地區,花蓮縣,977花蓮縣豐濱鄉灣123號港口,23.49072776,121.510207,
尋路 花蓮石梯灣118民宿,東部地區,花蓮縣,97792花蓮縣豐濱鄉港口村石梯灣118號,23.48815792,121.510846,
藍色珊瑚礁 民宿,東部地區,花蓮縣,977花蓮縣豐濱鄉三富橋58號,23.44001285,121.4941159,
石梯33號民宿,東部地區,花蓮縣,977花蓮縣豐濱鄉石梯坪33號,23.48405779,121.5111416,
天地海民宿,東部地區,花蓮縣,977花蓮縣豐濱鄉永豐12號台11線47.9K,23.61191613,121.5289841,
黑熊背包客棧,東部地區,花蓮縣,970花蓮縣花蓮市國民十二街32-1號,23.99540939,121.6057278,
洄瀾窩青年旅舍 Hualien Wow Hostel,東部地區,花蓮縣,97055花蓮縣花蓮市國聯一路83號,23.99165259,121.6030335,
LAZY HOUSE_廢在這背包客棧,東部地區,花蓮縣,970花蓮縣花蓮市富安路49號,23.99325986,121.5984247,
花蓮青年旅館．北吉光輕旅,東部地區,花蓮縣,970花蓮縣花蓮市中山路601巷1弄19號,23.9885772,121.5992655,
Cozy House 小羊 房花蓮背包客棧,東部地區,花蓮縣,970花蓮縣花蓮市延平街148巷5號,23.98613762,121.5990068,
途中花蓮青年旅舍,東部地區,花蓮縣,970花蓮縣花蓮市富吉路48號,23.9949444,121.5978308,
花蓮阿羅國際青年旅舍,東部地區,花蓮縣,970花蓮縣花蓮市富吉路58-3號,23.99509654,121.5974422,
山羊青旅民宿 GOAT HOSTEL,東部地區,花蓮縣,970花蓮縣花蓮市富裕十六街60號,23.99642226,121.5953298,
花蓮小旅行迷你公寓背包客棧,東部地區,花蓮縣,970花蓮縣花蓮市國聯一路103號,23.99102317,121.6026214,
Travel Charger Hostel 旅充人文,東部地區,花蓮縣,970花蓮縣花蓮市富國路138號,23.98962801,121.5940523,
崧居文旅-挑高閣樓住宿,東部地區,花蓮縣,970花蓮縣花蓮市國興二街142號,23.9890896,121.6013836,
仲青行旅 花蓮館Light Hostel,東部地區,花蓮縣,970花蓮縣花蓮市國民十街11號,23.99440891,121.6038106,
您好生活公寓民宿NinHao Hostel,東部地區,花蓮縣,970花蓮縣花蓮市國興二街91號,23.99019291,121.6026,
鳥窩•花蓮青年旅舍•Hualien Bird's House Hostel•花蓮背包客棧,東部地區,花蓮縣,970花蓮縣花蓮市國民五街5號,23.99057408,121.6025815,
World Inn 窩二樓小客棧,東部地區,花蓮縣,970花蓮縣花蓮市國聯一路125號,23.99056154,121.6020454,
A Good Man's Hostel,東部地區,花蓮縣,970花蓮縣花蓮市國聯二路150號,23.98810244,121.6011623,
街角二館-角舍背包客棧民宿,東部地區,花蓮縣,970花蓮縣花蓮市中山路743號,23.9916811,121.597722,
KID花蓮背包客棧 • KID Hualien Hostel,東部地區,花蓮縣,97055花蓮縣花蓮市國興二街102號,23.99024887,121.6025302,
Sleeping boot Hostel 背包客棧,東部地區,花蓮縣,970花蓮縣花蓮市進豐街73號,23.98617701,121.6065,
僖豆背包客,東部地區,花蓮縣,970花蓮縣花蓮市商校街192號,23.98716697,121.6007906,
花蓮 小森見晴 Shining Forest Hostel / 背包客棧 / 火車站住宿 / 民宿,東部地區,花蓮縣,970花蓮縣花蓮市國興五街102號,23.98867274,121.6047637,
遐窩青年旅舍JustWalk Hostel,東部地區,花蓮縣,970花蓮縣花蓮市國聯五路160號,23.99309375,121.6050781,
有窩客棧 - You Worth Inn,東部地區,花蓮縣,970花蓮縣花蓮市國興三街82號,23.98868283,121.6028625,
喀嚓緩旅 - 123 Cheers Hostel,東部地區,花蓮縣,970花蓮縣花蓮市國民八街100號,23.99375553,121.6080207,
站前海民宿,東部地區,花蓮縣,970花蓮縣花蓮市國興五街112號,23.98864804,121.6044565,
Arch雅砌美學公寓,東部地區,花蓮縣,970花蓮縣花蓮市國盛一街233號,23.9951004,121.6051599,
悅樂旅店‧花蓮 OLAH Poshtel Hualien,東部地區,花蓮縣,970花蓮縣花蓮市中福路122號,23.97183039,121.6023,
荷雅居石梯坪民宿,東部地區,花蓮縣,977花蓮縣豐濱鄉港口村大港口1-8號,23.47086427,121.501571,
太平洋渡假村,東部地區,花蓮縣,977花蓮縣豐濱鄉小港55號,23.60136292,121.5275734,
M.house旅宿,東部地區,花蓮縣,970花蓮縣花蓮市和平路332-1號,23.97355474,121.6039763,
博愛泊心境民宿,東部地區,花蓮縣,970花蓮縣花蓮市博愛街120號,23.97652987,121.6071399,
View Hostel 慮園 客棧,東部地區,花蓮縣,970花蓮縣花蓮市中華路169號,23.97553706,121.6041943,
船長不在家 背包客棧,東部地區,花蓮縣,970花蓮縣花蓮市國聯三路85號,23.99034634,121.6051343,
The Travel Bug Hostel旅行蟲背包客棧,東部地區,台東縣,959台東縣東河鄉134 號,22.87321082,121.2274177,
東河民宿 狂衝浪店 Donghe surf shop,東部地區,台東縣,959台東縣東河鄉東河村南東河60號,22.9661039,121.3016891,
熱帶低氣壓 Low Pressure Restaurant & Guesthouse,東部地區,台東縣,95942台東縣東河鄉108號,22.96659953,121.3005426,
台東都蘭 晃輕鬆客棧咖啡館 Tranquilo Hostel & Café,東部地區,台東縣,959台東縣東河鄉都蘭路102號,22.87335883,121.2277265,
築頁衝浪背包客棧PageSurfingInn,東部地區,台東縣,959台東縣東河鄉287號,22.96854665,121.3036428,
落花鉎背包民宿 (都蘭),東部地區,台東縣,959台東縣東河鄉420-9號,22.87618463,121.226359,
都蘭朋友家,東部地區,台東縣,台東縣東河鄉959號,22.87470282,121.22977,
美好東河咖啡民宿,東部地區,台東縣,95942台東縣東河鄉東河村南東河139號,22.96824154,121.3024,
途中·都蘭 青年旅舍 青年旅館 / On My Way Dulan Hostel,東部地區,台東縣,959001台東縣東河鄉124號,22.87292631,121.2261846,
螺絲釘民宿Taitung Open Surf Shop & Hostel,東部地區,台東縣,95942台東縣東河鄉北東河97號,22.97264193,121.305063,
小心沙發SUP立槳(LiTtLe HeArt)背包客美食空間,東部地區,台東縣,961台東縣成功鎮美山路55號,23.15095929,121.3973217,
那邊Thatway,東部地區,台東縣,950台東縣台東市松江路一段303巷18弄3號,22.79404861,121.1920243,
海景擁月星宿民宿,東部地區,台東縣,961台東縣成功鎮豐田路25-1號,23.0511244,121.3444099,
海水藍民宿,東部地區,台東縣,954台東縣卑南鄉富山村14鄰杉原149號,22.84551646,121.1884418,
台東木頭魚民宿,東部地區,台東縣,961台東縣成功鎮都歷路246-28號,23.03285707,121.3349233,
黑足民宿,東部地區,台東縣,950台東縣台東市富岡街180號,22.7927934,121.1895083,
東岸民宿,東部地區,台東縣,959台東縣東河鄉隆昌村235-8號,22.92864413,121.2704692,
大姆灣民宿旅棧 Tamo'wan,東部地區,台東縣,台東縣東河鄉都蘭村舊廍路47鄰14-9號,22.8821197,121.2392798,
東河海王子民宿,東部地區,台東縣,台東縣東河鄉東河村北東河路117號,22.97363225,121.3057413,
都蘭城民宿,東部地區,台東縣,959台東縣東河鄉都蘭村256-3號,22.8759112,121.2281941,
山海都藍,東部地區,台東縣,959台東縣東河鄉34 號,22.89628343,121.2428296,
都蘭紅瓦厝民宿,東部地區,台東縣,959台東縣東河鄉都蘭村18鄰57之3號,22.87388316,121.2234443,
金地亞哥民宿,東部地區,台東縣,95942台東縣東河鄉七里橋20號,22.94990495,121.2811265,
晨天長光,東部地區,台東縣,962台東縣長濱鄉122號 ,23.33013181,121.4621537,
小阿姨野花,東部地區,台東縣,台東縣長濱鄉長濱村長光178之3號,23.32840811,121.4637865,
灰黑橘黃民宿,東部地區,台東縣,962台東縣長濱鄉,23.35015369,121.4681712,
棕萊民宿（在地人自營）,東部地區,台東縣,台東縣長濱鄉962 黎 頭 針 9 鄰 3 之 6 號,23.32793627,121.44158,
綠島涵館TUBE18,外島/離島地區,台東縣,951台東縣綠島鄉南寮村龜灣32-1號,22.64711723,121.4760166,
綠島熱浪潛水中心,外島/離島地區,台東縣,951台東縣綠島鄉216之1號,22.67430547,121.4774551,
CoolDiving Hostel｜背包輕旅｜潛水課程｜活動行程｜,外島/離島地區,台東縣,951台東縣綠島鄉中寮52-2號,22.6730017,121.472694,
好朋友潛水渡假旅宿,外島/離島地區,台東縣,951台東縣綠島鄉柴口62-26號,22.67681525,121.4837073,
火燒島潛水度假中心,外島/離島地區,台東縣,951台東縣綠島鄉南寮村239-1號,22.67298294,121.4682,
台灣潛水 綠島店 Green Island Dive,外島/離島地區,台東縣,951台東縣綠島鄉一零三之一號,22.67693404,121.4873417,
浪漫潛水,外島/離島地區,台東縣,95142台東縣綠島鄉951柴口168號,22.67747477,121.4853451,
藍洋潛水訓練中心 Blue Ocean SCUBA Center,外島/離島地區,台東縣,952台東縣蘭嶼鄉295之2號,22.05835564,121.5095708,
綠島海角樂園水上活動中心,外島/離島地區,台東縣,台東縣綠島鄉南寮村39號,22.66578038,121.471146,
聯慶愛潛水 Green Island Scuba Diving,外島/離島地區,台東縣,951台東縣綠島鄉漁港 路2-6 號,22.65769772,121.4753426,
私家潛水旅宿,外島/離島地區,台東縣,951台東縣綠島鄉公館村公館村柴口26-2號,22.67402253,121.4783265,
綠島極光潛水,外島/離島地區,台東縣,951台東縣綠島鄉39號,22.67443586,121.479176,
海子・Ocean Rover 綠島潛水旅宿,外島/離島地區,台東縣,951台東縣綠島鄉柴口105-1號,22.67685576,121.4875775,
"Oceanian 綠島自由潛水背包客棧 Green island,Taiwan",外島/離島地區,台東縣, 951台東縣綠島鄉柴口79-1 ,22.67705704,121.4862079,
島潛。Islands Dive,外島/離島地區,台東縣,951台東縣綠島鄉南寮漁港15-6號  ,22.66216338,121.4734545,
Goods dive,外島/離島地區,台東縣,951台東縣綠島鄉52之51,22.67112564,121.4731656,
水青潛水旅宿,外島/離島地區,台東縣,951台東縣綠島鄉漁港16-2號,22.66256666,121.4734194,
綠島·潛界 Diving Unlimited,外島/離島地區,台東縣,951台東縣綠島鄉漁港1-60號,22.6551215,121.4750775,
安全停留潛水中心,外島/離島地區,台東縣,951台東縣綠島鄉環島公路15-3號,22.65955399,121.4753885,
綠島野蠻紮實潛水社,外島/離島地區,台東縣,951303台東縣綠島鄉公舘1之10號,22.67683566,121.4892855,
綠島-飛航模室潛水旅宿 Green lsland Airplane mode Hostel,外島/離島地區,台東縣,951台東縣綠島鄉南寮205-1號,22.67152587,121.4675795,
綠島 海遇潛水,外島/離島地區,台東縣,951台東縣綠島鄉221號,22.6742334,121.4746542,
Koh ocean · 嶼海 綠島自由潛水旅宿,外島/離島地區,台東縣,951台東縣綠島鄉16號,22.67561686,121.4903798,
綠島海灣會館,外島/離島地區,台東縣,951台東縣綠島鄉漁港路10之5號,22.66106982,121.4744906,
綠島微風潛水度假中心,外島/離島地區,台東縣,台東縣綠島南寮村漁港1-58號號,22.6553435,121.4752,
佈拉咖潛旅,外島/離島地區,台東縣,951台東縣綠島鄉中寮54-3號,22.6732155,121.4732324,
綠島玉米-潛水住宿Diveholix Homestay,外島/離島地區,台東縣,951台東縣綠島鄉南寮17號,22.6652242,121.4716,
海島旅人 Diving Hostel ,外島/離島地區,台東縣,951台東縣綠島鄉漁港路11號,22.66125749,121.4743447,
綠島快樂潛水民宿,外島/離島地區,台東縣,95141台東縣綠島鄉南寮村一鄰南寮19號,22.66496176,121.471285,
月光城堡潛水中心(Mooncastle Dive Center),外島/離島地區,台東縣,951台東縣綠島鄉漁港121號,22.65648565,121.4752591,
過日子民宿&綠島阿禧潛水俱樂部,外島/離島地區,台東縣,951台東縣綠島鄉柴口55-1號,22.67466231,121.4805882,
海街日記-OCEAN DIARY 綠島潛水旅宿,外島/離島地區,台東縣,951台東縣綠島鄉公館50號,22.67537265,121.4909621,
藏水綠島館Hide and Sea,外島/離島地區,台東縣,951台東縣綠島鄉南寮漁港2-9號,22.6569551,121.4755155,
戀戀火燒島,外島/離島地區,台東縣,95142台東縣綠島鄉南寮1-80號,22.65413323,121.4749565,
綠島走走,外島/離島地區,台東縣,951台東縣綠島鄉中寮55號,22.67430817,121.4709589,
海人生 C'est la vie 綠島海景民宿,外島/離島地區,台東縣,951台東縣綠島鄉柴口33號,22.67461543,121.4792236,
水面休息潛水員旅宿,外島/離島地區,台東縣,95141台東縣綠島鄉三鄰3-1號,22.67617812,121.4902052,
柒七潛水旅店,外島/離島地區,台東縣,951台東縣綠島鄉121號,22.67533601,121.4702286,
島人嶼海,外島/離島地區,台東縣,951台東縣綠島鄉 2 鄰 113 號,22.67673505,121.4884079,
綠島9號精品渡假村,外島/離島地區,台東縣,951台東縣綠島鄉漁港 3-1 號,22.65958311,121.4760671,
高氧旅宿,外島/離島地區,台東縣,951台東縣綠島鄉南寮142號,22.66733835,121.4696905,
愛上綠島民宿,外島/離島地區,台東縣,951台東縣綠島鄉漁港路39號,22.6643869,121.471821,
綠島居福潛水,外島/離島地區,台東縣,951台東縣綠島鄉78-3號,22.67499387,121.492551,
綠島海猴子潛水Green Island Sea Monkey Diving,外島/離島地區,台東縣,951台東縣綠島鄉51號,22.67510906,121.4917912,
綠島啤 酒魚潛水中心,外島/離島地區,台東縣,951台東縣綠島鄉公館99號,22.6739701,121.4926692,
綠島海韻民宿(安欣立潛水中心happyminimi divecenter) |自由潛水 |水肺潛水|,外島/離島地區,台東縣,951台東縣綠島鄉210號,22.66997022,121.4682604,
BLUE SAFARI DIVING CENTER 藍莎潛水中心（PADI五星級教練發展潛水中心）,外島/離島地區,台東縣,951台東縣綠島鄉72號,22.6749033,121.4917939,
綠島怪獸潛水,外島/離島地區,台東縣,951台東縣綠島鄉溫泉66號,22.64567481,121.4983325,
一直曬太陽hostel民宿(SunnyDayHostel),外島/離島地區,台東縣,台東縣綠島鄉公館村65號,22.67501451,121.4922481,
綠島諾亞民宿,外島/離島地區,台東縣,台東縣綠島鄉柴口50之6號　,22.67447076,121.4802856,
好棧 Good Hostel,外島/離島地區,台東縣,951台東縣綠島鄉漁港136號,22.65591273,121.4750796,
綠島緩島旅宿。Slow Island Hostel,外島/離島地區,台東縣,951台東縣綠島鄉南寮九鄰110之1號,22.66605095,121.47043,
70腳落,外島/離島地區,台東縣,台東縣綠島鄉公館村49號,22.67496565,121.4913199,
閱光海背包輕旅,外島/離島地區,台東縣,951台東縣綠島鄉南寮143號,22.66819115,121.4684516,
龜灣39號背包客棧 露營,外島/離島地區,台東縣,951台東縣綠島鄉南寮村1鄰龜灣39之1號,22.6468628,121.4767791,
綠島放個假旅宿 ,外島/離島地區,台東縣,951台東縣綠島鄉中寮205號,22.67408528,121.4734223,
藍海屋潛水渡假村,外島/離島地區,台東縣,952台東縣蘭嶼鄉1-8號,22.02351199,121.5585921,
小豆丁民宿,外島/離島地區,台東縣,952台東縣蘭嶼鄉朗島235-1號,22.07834039,121.5252383,
飛魚民宿。蘭嶼 Lanyu,外島/離島地區,台東縣,952台東縣蘭嶼鄉部落10鄰101號,22.02722466,121.5422068,
Azul Apnea Freediving 朗。自由潛水,外島/離島地區,台東縣,952台東縣蘭嶼鄉朗島村6-1號1樓,22.07919108,121.5291291,
暖暖浮潛,外島/離島地區,台東縣,95242台東縣蘭嶼鄉82號,22.03823974,121.5669555,
Unlockdive 解鎖自由潛水工作室,外島/離島地區,台東縣,952台東縣蘭嶼鄉122號,22.05056966,121.5126536,
海岸線 Lanyu Coastline,外島/離島地區,台東縣,952台東縣蘭嶼鄉朗島村6鄰235之2號,22.07830805,121.5252279,
蘭嶼海的窩,外島/離島地區,台東縣,台東縣蘭嶼鄉197之六號,22.03938483,121.5671146,
蘭嶼町Ah度背包客棧,外島/離島地區,台東縣,95242台東縣蘭嶼鄉東清村3鄰東清59號 2,22.0575517,121.5643478,
蘭嶼 雅娜背包客棧 Yana backpacker,外島/離島地區,台東縣,95241台東縣蘭嶼鄉紅頭5鄰135號,22.02579764,121.5545,
沙卡法艾背包客棧,外島/離島地區,台東縣,台東縣蘭嶼鄉紅頭村紅頭41號,22.02533818,121.5539243,
蘭嶼單藍,外島/離島地區,台東縣,952台東縣蘭嶼鄉部落3號2樓,22.02705633,121.5435788,
蘭嶼 Mr.FISH HOSTEL 魚先生· 背包旅宿,外島/離島地區,台東縣,952台東縣蘭嶼鄉40號,22.02684235,121.5426755,
蘭嶼 蘭晴背包客棧,外島/離島地區,台東縣,952台東縣蘭嶼鄉124號,22.02548744,121.5545605,
蘭嶼 轉角11號民宿,外島/離島地區,台東縣,952台東縣蘭嶼鄉村No. 11-1號,22.02714198,121.5433493,
Rover Hostel,外島/離島地區,台東縣,952台東縣蘭嶼鄉村65 號,22.02773827,121.5439218,
蘭嶼唯島背包客棧,外島/離島地區,台東縣,952台東縣蘭嶼鄉部落100號,22.02722353,121.5423242,
蘭嶼旅人·Rover,外島/離島地區,台東縣,95241台東縣蘭嶼鄉村25之1號,22.02646099,121.5498493,
榕樹下背包客棧,外島/離島地區,台東縣,952台東縣蘭嶼鄉椰油村9號,22.04547888,121.5176625,
都教練背包客棧,外島/離島地區,台東縣,952台東縣蘭嶼鄉村東清137之1號,22.06056104,121.5595655,
蘭嶼看海的日子民宿,外島/離島地區,台東縣,952台東縣蘭嶼鄉82號,22.0270817,121.5423362,
Vanwa番哇背包客棧,外島/離島地區,台東縣,952台東縣蘭嶼鄉6 號,22.05759918,121.5653,
那天 THat day Hostel,外島/離島地區,台東縣,952台東縣蘭嶼鄉4鄰170號,22.05132069,121.5124395,
蘭嶼·貝殼屋民宿,外島/離島地區,台東縣,952台東縣蘭嶼鄉41號,22.02682705,121.5424459,
蘭嶼 嵐羽民宿,外島/離島地區,台東縣,952台東縣蘭嶼鄉野銀197-3號,22.039216,121.5666177,
瑪莎蕊背包客棧,外島/離島地區,台東縣,95242台東縣蘭嶼鄉82號,22.03819135,121.5669,
小島生活,外島/離島地區,台東縣,952台東縣蘭嶼鄉紅頭3號,22.02473225,121.5544421,
蘭嶼魚飛浪民宿 Lamuran Guesthouse,外島/離島地區,台東縣,95201台東縣蘭嶼鄉,22.02769629,121.5430106,
Oyawa背包客棧 x旅宿,外島/離島地區,台東縣,952台東縣蘭嶼鄉,22.06701031,121.5667,
休眠中 蘭嶼友達背包客棧,外島/離島地區,台東縣,952蘭嶼鄉台東縣紅頭56 號 ,22.02542667,121.5543259,
蘭嶼東清海沙屋民宿,外島/離島地區,台東縣,952台東縣蘭嶼鄉村東清路12-6號號2F,22.0581656,121.565629,
Libang 背包客棧 / 個人工作室,外島/離島地區,台東縣,952台東縣蘭嶼鄉朗島村17-9號,22.07972306,121.518567,
嘟嘟悟的家,外島/離島地區,台東縣,952台東縣蘭嶼鄉296-3號,22.05957364,121.5098229,
旅兜- house 背包客棧 Lyu dou,外島/離島地區,台東縣,952台東縣蘭嶼鄉朗島村169號朗島,22.07801313,121.5268,
蘭嶼國宅背包客棧,外島/離島地區,台東縣,952台東縣蘭嶼鄉椰油村151號,22.05079138,121.5126415,
Miawawa_Lanyu 蘭嶼米亞哇哇潛旅背包客棧,外島/離島地區,台東縣,952台東縣蘭嶼鄉紅頭124號,22.02549032,121.5545702,
兩隻魚,外島/離島地區,台東縣,952台東縣蘭嶼鄉村296之12號,22.05916739,121.509256,
蘭嶼薰多琦海景休閒民宿,外島/離島地區,台東縣,952台東縣蘭嶼鄉紅頭村25之11號,22.02638566,121.5503737,
蘭嶼海的窩,外島/離島地區,台東縣,台東縣蘭嶼鄉197之六號,22.03938638,121.5671136,
蘭嶼綠建築: 天空的眼睛,外島/離島地區,台東縣,952台東縣蘭嶼鄉,22.0608347,121.5683113,
蘭嶼 好望角民宿,外島/離島地區,台東縣,952台東縣蘭嶼鄉1-9號,22.02048603,121.5605498,
龍洞潛水旅宿中心,北部地區,新北市,228新北市貢寮區龍洞街1號1樓,25.11257791,121.9208831,
深境住宿玩潛水,北部地區,新北市,228002新北市貢寮區龍洞街63-4號3F,25.13053736,121.9169345,
La 潛水訓練中心,北部地區,新北市,228新北市貢寮區和美街71號,25.07500083,121.9150562,
鬧潛水Now Diving Center,北部地區,新北市,228新北市貢寮區新港街49號,25.0560628,121.9264683,
RUKU 潛水/SUP,北部地區,新北市,228002新北市貢寮區龍洞街53號,25.11372134,121.9127994,
iDiving 龍洞,北部地區,新北市,228新北市貢寮區龍洞街66-1號,25.11786579,121.9159444,
龍洞鼻頭角潛水店,北部地區,新北市,228新北市貢寮區龍洞街63－5號,25.11814963,121.9165804,
小房子背包客棧,南部地區,嘉義市,600嘉義市西區中正路504號,23.47883484,120.4476914,
福泰桔子商旅文化店,南部地區,嘉義市,600嘉義市西區文化路169號,23.48108487,120.449227,
KM Hostel 距離背包客棧,南部地區,嘉義市,600嘉義市西區蘭井街273號,23.47724394,120.4478776,
仲青行旅嘉義館 LIGHT HOSTEL,南部地區,嘉義市,600嘉義市西區光彩街622號,23.4777616,120.444056,
客旅家,南部地區,嘉義市,600嘉義市西區中正路445、447號,23.4787282,120.4481792,
日光輕旅 晃拾光,南部地區,嘉義市,600嘉義市西區中正路655號,23.47853824,120.4431948,
23星球,南部地區,嘉義市,600嘉義市西區中興路23號 3號樓之5,23.48015617,120.4394032,
Oinn Hotel & Hostel Chiayi－文化輕旅,南部地區,嘉義市,600嘉義市東區文化路294號,23.48374894,120.4488338,
塔拉TARA民宿GUEST HOUSE,南部地區,嘉義市,600嘉義市東區中正路185巷21號,23.47888425,120.4547501,
La Wa House,南部地區,嘉義市,600嘉義市東區成仁街253號,23.48281862,120.4511174,
嘉義小青旅,南部地區,嘉義市,600007嘉義市西區林森西路460號,23.48125383,120.443709,
H& 台南微醺文旅 / H& tainan weshare hotel,南部地區,台南市,700台南市中西區大德街28號,22.98965193,120.195731,
U.I.J Hotel & Hostel - 友愛街旅館,南部地區,台南市,700台南市中西區友愛街115巷5號,22.99079582,120.1997732,
Oinn Hotel & Hostel Tainan－巷弄潮旅,南部地區,台南市,700台南市中西區文和街29號,23.00383687,120.1927721,
【南惰 • House Nandoor】背包客棧,南部地區,台南市,700台南市中西區大同路一段46巷20號,22.98769896,120.2109215,
臺南水倉依舊民宿,南部地區,台南市,700台南市中西區永福路二段81巷18號,22.99305876,120.2005528,
我鹿背包輕旅x mydeer backpacker,南部地區,台南市,700台南市中西區府前路一段371巷26號,22.9894155,120.1988149,
158.棧,南部地區,台南市,700台南市中西區忠義路二段158巷5號,22.99590681,120.2042143,
驛家旅店-EasyInn Hotel & Hostel-青年旅館,南部地區,台南市,700台南市中西區成功路343號9樓,23.00005861,120.1997417,
艸祭Book inn,南部地區,台南市,70049台南市中西區南門路71號,22.98956499,120.2047617,
Loft18 Hostel 陳倉客棧,南部地區,台南市,700台南市中西區海安路二段270巷18號5F,22.9979953,120.197991,
De Provintia Straat B&B 普羅民遮民宿,南部地區,台南市,700台南市中西區民權路二段146號,22.99517717,120.2030096,
藏風The WIND GUESTHOUSE,南部地區,台南市,700台南市中西區民權路一段267號,22.99314875,120.2068936,
清淨背包客棧-民權新館,南部地區,台南市,700台南市中西區民權路一段244號,22.99435137,120.2067368,
台南 東寧文旅 ,南部地區,台南市,700台南市中西區民生路二段83號,22.99503007,120.1970047,
哈木家,南部地區,台南市,700台南中西區忠義路二段158巷20弄39號 ,22.99548407,120.204591,
紡南FunNan Guesthouse,南部地區,台南市,70053台南市中西區海安路二段259巷31號,22.99817357,120.1969058,
1881雅客居,南部地區,台南市,700005台南市中西區西門路二段74巷3號,22.99220594,120.1987852,
漫半拍民宿,南部地區,台南市, 700台南市中西區新美街204號,22.99804634,120.201533,
福憩背包客棧-和平館,南部地區,台南市,700台南市中西區和平街91號,22.99655736,120.1967034,
福憩背包客棧-緣憩館,南部地區,台南市,70048台南市中西區中正路70號,22.9922948,120.2014275,
365.合日旅所 365.Hostel,南部地區,台南市,700台南市中西區西門路二段365巷5號,22.99810526,120.2000752,
Journey Hostel 掘旅,南部地區,台南市,701台南市東區育樂街161 號,22.99447366,120.2147574,
老曼船長鐵道HOSTEL,南部地區,台南市,701台南市東區北門路二段2號,22.99664553,120.212636,
仲青行旅台南館 LIGHT HOSTEL,南部地區,台南市,700台南市中西區友愛街309巷20號,22.99193257,120.1954203,
good garden hostel 谷園客棧,南部地區,台南市,700台南市中西區中山路79巷66號,22.99435546,120.206744,
成功古巷民宿 (Red House & Old Lane ChengGong Inn),南部地區,台南市,704台南市北區佑民街14號,22.99907839,120.2059594,
府城窩旅 Tainanwow,南部地區,台南市,704台南市北區成功路114號6樓,22.9987783,120.2054281,
紙飛機高雄青年旅館-捷運高醫後驛店PaperPlane Hostel,南部地區,高雄市,80743高雄市三民區博愛一路287號10樓,22.64904325,120.3030812,
奇異果快捷旅店-高雄車站店,南部地區,高雄市,80757高雄市三民區大連街88號,22.64225524,120.3051968,
國泰旅社-背包客的窩,南部地區,高雄市, 813高雄市左營區左營大路401巷33弄10號,22.68853411,120.2927714,
AHIRUYAH 鴨家青年旅館,南部地區,高雄市,80055高雄市新興區六合一路158號5樓,22.63309087,120.3034152,
小承輕旅,南部地區,高雄市,800高雄市新興區中山一路145號,22.63235345,120.3017939,
同．居 With Inn HosteL,南部地區,高雄市,800高雄市新興區文橫一路5巷28號,22.62407559,120.3023757,
敲敲門青旅 Knock Knock Hostel,南部地區,高雄市,80741高雄市三民區察哈爾二街7巷8號,22.64729446,120.3026063,
旅聚居青年旅舍,南部地區,高雄市,800高雄市新興區中山一路117號6樓,22.63167186,120.3012663,
Uno青年旅舍,南部地區,高雄市,800高雄市新興區中山二路548號,22.62234299,120.30156,
遊大俠x七桃公寓,南部地區,高雄市,800高雄市新興區中正三路128號,22.63139722,120.3051658,
美麗道商旅,南部地區,高雄市,80054高雄市新興區中正三路99-2號,22.63087041,120.3068914,
背包41青年旅館 - 高雄館,南部地區,高雄市,802高雄市苓雅區四維三路261巷39號,22.61617416,120.3042832,
飛行家青年旅館FLYINN HOSTEL,南部地區,高雄市,802高雄市苓雅區仁義街2-4號,22.61429433,120.3035523,
旅悅 國際青年旅館 D’well Hostel,南部地區,高雄市,806高雄市前鎮區三多三路211號3樓,22.61463683,120.3070465,
天藝商旅,南部地區,高雄市,801高雄市前金區六合二路149號,22.63094672,120.2959196,
巢鴨青年館,南部地區,高雄市,807高雄市三民區建國三路46巷19-3號,22.63912326,120.300656,
NJOY TAKAO KITCHEN,南部地區,高雄市,804高雄市鼓山區臨海一路14之1號,22.62056836,120.2734078,
嶼海tuà-hái,南部地區,屏東縣,946屏東縣恆春鎮中正路232巷147弄26號,22.00880423,120.7461876,
Divingmind潛意識恆春分部,南部地區,屏東縣,946屏東縣恆春鎮環城北路217之2號,22.00945487,120.7450703,
悠樂趣潛水俱樂部,南部地區,屏東縣,946屏東縣恆春鎮西門路25號,22.00616225,120.7430348,
SEACHANGER正式自由,南部地區,屏東縣,946屏東縣恆春鎮恆北路86號-13號,22.00982115,120.7493381,
醉初自由潛水,南部地區,屏東縣,946屏東縣恆春鎮北門路42巷21弄3號,22.00499913,120.7480542,
潛水部落 D Dive Center,南部地區,屏東縣,946屏東縣恆春鎮山腳路100-1號,22.00413634,120.7515993,
浪影 surfilms 背包旅宿,南部地區,屏東縣,946屏東縣恆春鎮北門路39巷9號,22.00436404,120.7467812,
暖洋潛水旅宿 Wonder Ocean Dive Hostel,南部地區,屏東縣,946屏東縣恆春鎮光明路48巷8號,22.00202293,120.7442026,
好好睡GOOD HOSTEL,南部地區,屏東縣,946屏東縣恆春鎮恒南路12巷9號,,,
鯊墾丁潛水旅店 Sharkenting Dive Center,南部地區,屏東縣,946屏東縣恆春鎮恆西路33巷123弄5號,22.00000012,120.7422788,
no excuse X the ride 小帳篷 背包客住宿,南部地區,屏東縣,946屏東縣恆春鎮恆公路1012巷二弄7號,22.00961794,120.7425116,
南喃背包輕旅,南部地區,屏東縣,946屏東縣恆春鎮恒南路29之2號,21.99172957,120.7471052,
海島瘋３號店－薄荷小日子旅宿Days In Bohol,南部地區,屏東縣,946屏東縣恆春鎮恆公路676號,22.00113863,120.7400964,
貓魚小窩,南部地區,屏東縣,946屏東縣恆春鎮環城南路135巷5號,21.99922369,120.7459094,
恆茄-自由潛水背包客棧,南部地區,屏東縣,946屏東縣恆春鎮茄苳路萬泉巷63號,22.03887515,120.7154011,
墾丁幫客青年旅館 Kenting Bunk Hostel,南部地區,屏東縣,946屏東縣恆春鎮墾丁路247號,,,
水采田潛水酒吧民宿,南部地區,屏東縣,946屏東縣恆春鎮福城街66號,21.99779368,120.7468114,
騏艦藍海灣&潛水度假村,南部地區,屏東縣,94646屏東縣恆春鎮龍泉路63號1樓,21.98774393,120.7370634,
深度潛水Deep Dive Center,南部地區,屏東縣,946屏東縣恆春鎮龍泉路246巷6號,21.98189973,120.7290439,
TIAMAT® Diving Club × 苦水輕旅,南部地區,屏東縣,94645屏東縣恆春鎮砂尾路26號,21.95819405,120.7381062,
輕旅宿,南部地區,屏東縣,928屏東縣東港鎮博愛街171-9號,22.46902021,120.4482722,
留下旅舍/ The Way Hostel&Bar,南部地區,屏東縣,928屏東縣東港鎮船頭路24-78號,22.46115877,120.4607014,
深呼吸潛水渡假民宿 Azure Journey Dive & Villa,南部地區,屏東縣,946屏東縣恆春鎮大光路120號-3號,21.94574971,120.7388954,
台灣潛水墾丁店,南部地區,屏東縣,946屏東縣恆春鎮大光路55-60號,21.94309189,120.7363595,
光合樂潛水度假中心,南部地區,屏東縣,946屏東縣恆春鎮大光路138之36號,21.93630504,120.7345034,
好好潛水 GOOD DIVE,南部地區,屏東縣,946屏東縣恆春鎮大光路95號,21.94810092,120.7404743,
新發文旅公園店,南部地區,屏東縣,900屏東縣屏東市新發巷8號,22.67696352,120.4923644,
車城背包客棧,南部地區,屏東縣,944屏東縣車城鄉新興路十號,22.07266079,120.7146447,
三鮫貓潛水,南部地區,屏東縣,946006屏東縣恆春鎮下泉路47-2號,21.92861903,120.7327842,
HDK旱鴨子自由潛水(HanDucK),南部地區,屏東縣,946屏東縣恆春鎮墾丁路通海巷195號,21.94490758,120.7979983,
Kenting Original Hostel 墾丁返璞歸真背包客棧 Backpacker,南部地區,屏東縣,946屏東縣恆春鎮墾丁路通海巷195號,21.94492293,120.7980143,
墾丁 My Home 青年旅館背包客棧,南部地區,屏東縣,946屏東縣恆春鎮墾丁路通海巷21-2號,21.94470499,120.7981491,
好心情-墾丁背包客棧（2館）,南部地區,屏東縣,946屏東縣恆春鎮墾丁路324之2號,21.94605058,120.7947604,
星空/太空艙旅店,南部地區,屏東縣, 946屏東縣恆春鎮墾丁路241號,21.9458002,120.796944,
The First 南灣青年旅館,南部地區,屏東縣,946屏東縣恆春鎮南灣路114號,21.95984014,120.7656155,
台中潛立方,中部地區,台中市,403台中市西區公正路122號,24.14902795,120.6623326,
綠夜文旅,中部地區,台中市,403台中市西區公益路201號8樓,24.14902795,120.6623326,
Calligraphy Greenway Hotel Taichung 草悟道文旅,中部地區,台中市,403台中市西區公益路68號15樓,24.14902795,120.6623326,
台中草悟道住宿綠宿行旅Green Hotel,中部地區,台中市,403台中市西區美村路一段22號,24.14902795,120.6623326,
時空行旅,中部地區,台中市,403台中市西區忠明南路98號,24.14902795,120.6623326,
承億文旅 - 台中鳥日子,中部地區,台中市,403台中市西區健行路1049號,24.14902795,120.6623326,
三好行旅SUN HAO HOTEL. TAICHUNG,中部地區,台中市,408台中市南屯區大墩路525號,24.14902795,120.6623326,
快樂腳旅棧 Happy Inn & Hostel,中部地區,台中市,404台中市北區柳川西路四段1號10F,24.14902795,120.6623326,
嬉·行旅 Hotel Si,中部地區,台中市,404台中市北區太平路201號,24.14902795,120.6623326,
旭日文旅,中部地區,台中市,400台中市中區公園路36號,24.14902795,120.6623326,
台中大毅老爺行旅,中部地區,台中市,403台中市西區五權三街79巷16號,24.14902795,120.6623326,
YOURsHome 你的民宿,中部地區,台中市,40358台中市西區忠明南路333號,24.14902795,120.6623326,
圖格旅 TG Hostel,中部地區,台中市,400台中市中區中山路322號320號,24.14902795,120.6623326,
荷米旅居 Hommie Inn,中部地區,台中市,400台中市中區民族路206號,24.14902795,120.6623326,
紅點文旅,中部地區,台中市,400台中市中區三民路二段149巷8號之3,24.14902795,120.6623326,
黑金文旅 Kgoldhotel,中部地區,台中市,400台中市中區中山路175巷15號,24.14902795,120.6623326,
麻雀巢行旅,中部地區,台中市,400台中市中區平等街24號,24.14902795,120.6623326,
巢旅宿 SU Taichung Hostel,中部地區,台中市,400001台中市中區民權路66號,24.14902795,120.6623326,
圖森小棧,中部地區,台中市,40045台中市中區光復路101號,24.14902795,120.6623326,
承攜行旅 台中自由館 Guide Hotel Taichung ZiYou,中部地區,台中市,400台中市中區自由路二段52-1號,24.14902795,120.6623326,
宜舍單人旅店 (Ease Single Inn),中部地區,台中市,400台中市中區綠川西街135號9樓,24.14902795,120.6623326,
新盛橋行旅S.S.B-Hotel,中部地區,台中市,400台中市中區中山路27號1樓,24.14902795,120.6623326,
路得行旅 國際青年旅館 台中站前館,中部地區,台中市,400台中市中區中山路14號,24.14902795,120.6623326,
葉綠宿．茶覺旅 Tea Way Hotel,中部地區,台中市,400台中市中區成功路10號5樓,24.14902795,120.6623326,
旅巷自在輕旅 Loosha Hostel,中部地區,台中市,40044台中市中區成功路10號12樓,24.14902795,120.6623326,
沐品居太空旅棧 Mu Pin Ju Hostel,中部地區,台中市,400台中市中區建國路187號,24.14902795,120.6623326,
挪威森林台中行旅3號館 Norway Forest Taichung Travel Hotel No.3,中部地區,台中市,40041台中市中區民權路162號,24.14902795,120.6623326,
漫旅光城,中部地區,台中市,400台中市中區公園路36號,24.14902795,120.6623326,
快樂腳旅棧 Happy Inn & Hostel,中部地區,台中市,404台中市北區臺灣大道一段640號,24.14902795,120.6623326,
藻宿-找宿,中部地區,台中市,404台中市北區錦新街40號,24.14902795,120.6623326,
余舍行旅,中部地區,台中市,407台中市西屯區環中路二段1129號,24.14902795,120.6623326,
璞樹文旅 TREEART HOTEL,中部地區,台中市,407台中市西屯區黎明路三段235號,24.14902795,120.6623326,
台中朝聖行旅,中部地區,台中市,404台中市北區雙十路二段92號,24.14902795,120.6623326,
淼淼旅墅,外島/離島地區,澎湖縣,880澎湖縣馬公市150號,23.53803301,119.5563405,
大山營區旅宿,外島/離島地區,澎湖縣,880澎湖縣馬公市300號,23.52608587,119.5609522,
澎湖嵵裡。仙人掌海景民宿,外島/離島地區,澎湖縣,88059澎湖縣馬公市時裡290號,23.52677344,119.5627841,
澎湖香亭民宿,外島/離島地區,澎湖縣,88059澎湖縣馬公市,23.52673874,119.5694621,
日時行旅精緻民宿,外島/離島地區,澎湖縣,880澎湖縣馬公市19-6號,23.52640544,119.5704074,
那。故事水岸莊園民宿,外島/離島地區,澎湖縣,880馬公市100號,23.51670392,119.5746608,
澎湖嶼光。角落民宿Somewhere Guesthouse,外島/離島地區,澎湖縣,880澎湖縣馬公市,23.51580542,119.5892248,
微浮山水民宿,外島/離島地區,澎湖縣,880澎湖縣馬公市珠江120之7號,23.51572579,119.5895271,
平湖窩行旅 PH Hostel,外島/離島地區,澎湖縣,880澎湖縣馬公市中興路22號,23.56677551,119.5670643,
澎湖北吉光背包客民宿,外島/離島地區,澎湖縣,880澎湖縣馬公市山水里17-26號,23.5141477,119.5955935,
好美背包客 Nice Hostel,外島/離島地區,澎湖縣,880澎湖縣馬公市啟明街6號,23.56491919,119.5665366,
旅行者背包客棧,外島/離島地區,澎湖縣,880澎湖縣馬公市五福路3巷32弄25號880,23.57934807,119.5759235,
澎湖玩聚背包民宿,外島/離島地區,澎湖縣,885澎湖縣湖西鄉,23.57023175,119.6124556,
積木屋背包客棧,外島/離島地區,澎湖縣,880澎湖縣馬公市五德里雞母塢97號,23.52749466,119.5859085,
造夢先生背包客民宿,外島/離島地區,澎湖縣,880澎湖縣馬公市惠安路8號,23.56415579,119.5649283,
捌貳趣民宿,外島/離島地區,澎湖縣,880澎湖縣馬公市自強街20巷4號,23.57573132,119.5698764,
好天旅店民宿,外島/離島地區,澎湖縣,880澎湖縣馬公市西文澳92-69號,23.56708985,119.5843684,
澎湖維多麗亞民宿 青旅 Victoria,外島/離島地區,澎湖縣,880澎湖縣馬公市鎖管港316號,23.52895499,119.6025307,
提拉米宿海景民宿,外島/離島地區,澎湖縣,880澎湖縣馬公市256之1號,23.58688965,119.5795889,
杰源民宿,外島/離島地區,澎湖縣,885澎湖縣湖西鄉168-1號,23.55700338,119.6307077,
背包客民宿,外島/離島地區,澎湖縣,880澎湖縣馬公市西衛No. 277-2號,23.5853195,119.5827483,
古道背包客棧,外島/離島地區,澎湖縣,880澎湖縣馬公市71號,23.56435223,119.5645455,
海樂民宿背包客,外島/離島地區,澎湖縣,880澎湖縣馬公市316號,23.55377787,119.6161383,
夢幻魚背包客民宿,外島/離島地區,澎湖縣,880澎湖縣馬公市173號,23.53524929,119.603818,
宿息幾迷背包客棧,外島/離島地區,澎湖縣,880澎湖縣馬公101-2 號,23.5658138,119.6006514,
風之島背包客,外島/離島地區,澎湖縣,885澎湖縣湖西鄉號,23.57224025,119.6141229,
巴巴小窩背包客民宿,外島/離島地區,澎湖縣,8859388593澎湖縣湖西鄉許家村15之1號,23.5873798,119.6090182,
輕舞飛揚背包客居旅民宿,外島/離島地區,澎湖縣,880澎湖縣馬公市272-3 號,23.58552384,119.5816631,
小貝殼背包客棧,外島/離島地區,澎湖縣,885澎湖縣湖西鄉菓葉村菓葉46-2號,23.57929498,119.6792598,
小地方背包客民宿 PLACE Backpackers,外島/離島地區,澎湖縣,澎湖縣臺灣省1 137號之 講美村 Baisha,23.63142883,119.5979313,
Go home Backpackers,外島/離島地區,澎湖縣,885澎湖縣湖西鄉60 號,23.56892342,119.6639878,
澎湖七號旅店民宿,外島/離島地區,澎湖縣,880澎湖縣馬公市鎖港里387-3號,23.52906014,119.6008198,
有間寓背包旅宿 Habitate HomeStay,外島/離島地區,澎湖縣,885澎湖縣湖西鄉沙港1之5號,23.59871971,119.6242686,
Champion Homestay 冠軍民宿,外島/離島地區,澎湖縣,885澎湖縣湖西鄉260號,23.57883103,119.6177629,
起點旅行民宿 D.C. Inn はじまりのゲストハウス,外島/離島地區,澎湖縣,880澎湖縣馬公市文化路18之1號,23.56832975,119.5675461,
夜之屋Night House,外島/離島地區,澎湖縣,880澎湖縣馬公市11之39號,23.55789134,119.5934005,
阿豹會館民宿,外島/離島地區,澎湖縣,880澎湖縣馬公市131之10號,23.54711357,119.6136536,
青·輕旅,外島/離島地區,澎湖縣,880澎湖縣馬公市71-2號,23.55099427,119.6128803,
就這兒 民宿 Here B&B,外島/離島地區,澎湖縣,880澎湖縣馬公市永興街6號,23.56660137,119.5658532,
蒙德里安山水民宿,外島/離島地區,澎湖縣,880澎湖縣馬公市珠江287號,23.51998999,119.595003,
澎湖船家寶民宿 SABAI BnB,外島/離島地區,澎湖縣,885澎湖縣湖西鄉港底127號,23.57030963,119.6113229,
起司餅乾民宿,外島/離島地區,澎湖縣,880澎湖縣馬公市宅脚嶼160-3號,23.58119368,119.6065346,
有間客棧,外島/離島地區,澎湖縣,881澎湖縣西嶼鄉外垵村29-31號,23.56754884,119.4802475,
西瀛旅社,外島/離島地區,澎湖縣,880澎湖縣馬公市民福路9號,23.56399829,119.5675312,
澎湖諾亞方舟民宿,外島/離島地區,澎湖縣,885澎湖縣湖西鄉港底150號,23.57129192,119.6112358,
澎湖民宿-隘門168民宿,外島/離島地區,澎湖縣,88593澎湖縣湖西鄉隘門村隘門168號,23.5571286,119.6308249,
易宿家特色民宿,外島/離島地區,澎湖縣,880澎湖縣馬公市五德里141號,23.52611727,119.58786,
有間黑店驛站民宿,外島/離島地區,澎湖縣,880澎湖縣馬公市西衛No. 757號,23.58793708,119.5826335,
來客佳民宿,外島/離島地區,澎湖縣,885澎湖縣湖西鄉成功村142號之 1號,23.56821281,119.6168323,
917民宿,外島/離島地區,澎湖縣,88052澎湖縣馬公市安宅里宅腳嶼250號,23.58196129,119.6021568,
見見灣海景民宿,外島/離島地區,澎湖縣,881澎湖縣西嶼鄉146-6號,23.58190087,119.5106402,
漁人的家,外島/離島地區,澎湖縣,881澎湖縣西嶼鄉225-5號,23.57475003,119.5019698,
澎湖香亭民宿,外島/離島地區,澎湖縣,88059澎湖縣馬公市,23.52674661,119.5694652,
澎湖臨海居度假會館,外島/離島地區,澎湖縣,880澎湖縣馬公市臨海路10-6號,23.56326811,119.5670465,
一二三石頭人民宿,外島/離島地區,澎湖縣,880澎湖縣馬公市民富街42巷12號,"23.562254278904014,",119.5835715,
大池星月灣民宿,外島/離島地區,澎湖縣,881澎湖縣西嶼鄉大池村132號,23.6147756,119.5142744,
澎湖熱帶魚民宿,外島/離島地區,澎湖縣,880澎湖縣馬公市西文里 716號,23.56850405,119.5938551,
加利利海民宿,外島/離島地區,澎湖縣,"880澎湖縣馬公市 西衛, 號",23.57865926,119.5814878,
留星嶼民宿,外島/離島地區,澎湖縣, 884澎湖縣白沙鄉瓦硐村29-1號,23.65629208,119.5893984,
在水一方 Memory In Water B&B,外島/離島地區,澎湖縣,880澎湖縣馬公市西衛 ,23.58333808,119.5782318,
歸宿 民宿 Destination Inn,外島/離島地區,澎湖縣,澎湖縣馬公市88051-5號,23.52785887,119.5886338,
海風情民宿,外島/離島地區,澎湖縣,880澎湖縣馬公市西衛里西衛89-3號,23.57958931,119.5816595,
姆居民宿,外島/離島地區,澎湖縣,880澎湖縣馬公市三多路,23.57768461,119.5725454,
海灣灣,外島/離島地區,澎湖縣,880澎湖縣馬公市83-56號,23.57812452,119.5824729,
古道背包客棧,外島/離島地區,澎湖縣,880澎湖縣馬公市71號,23.56435004,119.5645452,
西瀛旅社,外島/離島地區,澎湖縣,880澎湖縣馬公市民福路9號,23.56399612,119.5675283,
大山營區旅宿,外島/離島地區,澎湖縣,880澎湖縣馬公市300號,23.52608879,119.5609533,
好朋友民宿,外島/離島地區,澎湖縣,880澎湖縣馬公市22號93,23.57233718,119.602902,
百慶旅店,外島/離島地區,澎湖縣,880澎湖縣馬公市三民路16號,23.56675564,119.5687666,
海洋派對民宿,外島/離島地區,澎湖縣,880澎湖縣馬公市東文澳100-2號,23.56106512,119.5906123,
好時光民宿Good Time,外島/離島地區,澎湖縣,880澎湖縣馬公市223-1號,23.58405247,119.5823118,
慢活角落民宿,外島/離島地區,澎湖縣,880澎湖縣馬公市西 衛 223-3 號,23.5839019,119.5825264,
野居渡假民宿,外島/離島地區,澎湖縣,880澎湖縣馬公市西衛No. 221-15號,23.58371016,119.5826639,
我們的民宿,外島/離島地區,澎湖縣,880澎湖縣馬公市石泉里11之2號,23.55754233,119.5937422,
木艮私宅•Mugen Homestay,外島/離島地區,澎湖縣,880澎湖縣馬公市586號,23.55295793,119.5897619,
艾的驛站民宿,外島/離島地區,澎湖縣,880澎湖縣馬公市西文澳92-29號,23.56708673,119.5848697,
23.5蔚藍民宿,外島/離島地區,澎湖縣,881澎湖縣西嶼鄉后螺3之2號,23.63731801,119.5350853,
唯你渡假民宿,外島/離島地區,澎湖縣,澎湖縣馬公市西衛里221之12號,23.58365283,119.5826513,
天邊海角民宿,外島/離島地區,澎湖縣,880澎湖縣馬公市民族路119號,23.57362922,119.5671507,
流浪鯨魚民宿,外島/離島地區,澎湖縣,880澎湖縣馬公市鎖港里18號,23.53054164,119.6046007,
PENGHU LUCAI B&B 旅采民宿,外島/離島地區,澎湖縣,880澎湖縣馬公市1鄰雞母塢216號,23.52341067,119.5902782,
旅朋友民宿Travelfriends,外島/離島地區,澎湖縣,885澎湖縣湖西鄉號,23.58300716,119.6084438,
琉浪潛水背包客棧Drift Diving Hostel,外島/離島地區,屏東縣,929屏東縣琉球鄉忠孝路一巷2-6號,22.32495307,120.3644877,
奧之海潛水旅宿 Odyssey Divers Hostel,外島/離島地區,屏東縣,929屏東縣琉球鄉中正路57號,22.32786016,120.3576314,
琉影潛水,外島/離島地區,屏東縣,929屏東縣琉球鄉中正路1巷90-2號,22.33049756,120.3586706,
琉浪潛水背包客棧Drift Diving Hostel,外島/離島地區,屏東縣,929屏東縣琉球鄉忠孝路一巷2-6號,22.32495219,120.3644926,
co_diving 自由潛水工作室,外島/離島地區,屏東縣,929屏東縣琉球鄉和平路3巷1-5號,22.33476833,120.3718092,
酷落潛水 Kuroshio Diving,外島/離島地區,屏東縣,929屏東縣琉球鄉和平路13-3號,22.3352976,120.3714012,
小琉球-小綠龜潛水,外島/離島地區,屏東縣,929屏東縣琉球鄉和平路32-5號,22.33596029,120.3713078,
EXTD diving center 延伸潛水,外島/離島地區,屏東縣,929屏東縣琉球鄉中興路33-360號,22.33752494,120.3673792,
白牌自由潛水中心,外島/離島地區,屏東縣,929屏東縣琉球鄉肚仔坪路15之2號,22.34277216,120.363438,
Dive Buddy 自由潛水工作室&背包客棧,外島/離島地區,屏東縣,929屏東縣琉球鄉中正路188之6號,22.34054099,120.371368,
蹼客基地,外島/離島地區,屏東縣,929屏東縣琉球鄉三民路39-1號前方,22.34502459,120.3863856,
阿貴潛水中心,外島/離島地區,屏東縣,929屏東縣琉球鄉環島公路40-1號,22.3461279,120.3883345,
O2潛水俱樂部,外島/離島地區,屏東縣,929屏東縣琉球鄉三民路151之9號,22.3472335,120.3850874,
琉潛貨櫃潛水旅宿 Liuqiu Dive,外島/離島地區,屏東縣,929屏東縣琉球鄉本漁路81巷20之2號,22.34799012,120.3852213,
大眾浮潛,外島/離島地區,屏東縣,929屏東縣琉球鄉三民路277號,22.35237684,120.3828201,
阿Ya潛棧 A Ya Diving Hostel,外島/離島地區,屏東縣,929屏東縣琉球鄉復興路99號,22.34670329,120.3689004,
老婆潛水工作室,外島/離島地區,屏東縣,929屏東縣琉球鄉相埔路18之3號,22.34561647,120.3749307,
秘密客潛水旅宿,外島/離島地區,屏東縣,929屏東縣琉球鄉相埔路50號之3,22.34662052,120.3738511,
流星打氣站,外島/離島地區,屏東縣,929屏東縣琉球鄉相埔路79號之9號,22.34686494,120.3715676,
熊潛水培訓中心,外島/離島地區,屏東縣,929屏東縣琉球鄉相埔路87號,22.34702907,120.3712214,
夏琉民宿 The Summerflow Hostel,外島/離島地區,屏東縣,929屏東縣琉球鄉中正路5-8號,22.32358851,120.3575335,
杉橘青旅 • Hinoki-G Hostel,外島/離島地區,屏東縣,929屏東縣琉球鄉中正路6號,22.32402892,120.3576517,
嶼浪民宿,外島/離島地區,屏東縣,929屏東縣琉球鄉忠孝路70之15號,22.32481303,120.3610659,
小琉球樂嶼日出民宿,外島/離島地區,屏東縣,929屏東縣琉球鄉忠孝路1巷13-5號,22.32459997,120.3640274,
海明崴民宿,外島/離島地區,屏東縣,92942屏東縣琉球鄉忠孝路一巷1-16號,22.32447839,120.3638068,
浪。境小琉球秘境民宿,外島/離島地區,屏東縣,929屏東縣琉球鄉忠孝路一巷2之11號,22.3248356,120.3642879,
彩色屋民宿,外島/離島地區,屏東縣,929屏東縣琉球鄉南福村忠孝路一巷2之1號,22.32515316,120.3642705,
小琉球歐若拉海景民宿,外島/離島地區,屏東縣,929屏東縣琉球鄉信義路51-1號,22.32909171,120.3545748,
歡迎你民宿 WELCOME,外島/離島地區,屏東縣,92903屏東縣琉球鄉信義路9號,22.32841802,120.3581703,
琉星小屋,外島/離島地區,屏東縣,929屏東縣琉球鄉信義路3-7號,22.32823442,120.358411,
琉宿海景莊園,外島/離島地區,屏東縣,929屏東縣琉球鄉信義路39號,22.32895344,120.3563366,
三姐民宿,外島/離島地區,屏東縣,929屏東縣琉球鄉信義路18-2號,22.32935926,120.356561,
小琉球樂嶼海景民宿,外島/離島地區,屏東縣,92943屏東縣琉球鄉三民路1-61號,22.34216983,120.3845961,
海洋風情渡假旅館,外島/離島地區,屏東縣,929屏東縣琉球鄉民生路73之1號,22.35339753,120.3821374,
流浪背包客棧 Liuqiu Backpackers,外島/離島地區,屏東縣,929屏東縣琉球鄉上福村杉板路51巷34號,22.34133914,120.3663091,
小琉球雀巢背包客棧,外島/離島地區,屏東縣,929屏東縣琉球鄉民生路87號,22.35338987,120.381755,
Sleep&go小琉球背包房,外島/離島地區,屏東縣,929屏東縣琉球鄉中興路289號2F,22.34600685,120.3739277,
 漫慢旅宿,外島/離島地區,屏東縣,929屏東縣琉球鄉仁愛路34號,22.33825169,120.3747671,
暖琉背包客棧,外島/離島地區,屏東縣,929屏東縣琉球鄉仁愛路3-1號,22.33752562,120.3751129,
居琉潛水背包客棧一館,外島/離島地區,屏東縣,929屏東縣琉球鄉中華路42-12號,22.34473109,120.3688026,
Slack BnB,外島/離島地區,屏東縣,929屏東縣琉球鄉衫板路51巷86號,22.34182723,120.3660978,
琉Chill背包客棧,外島/離島地區,屏東縣,929屏東縣琉球鄉仁愛路44之5號,22.33807077,120.375222,
居琉潛水背包客棧二館,外島/離島地區,屏東縣,929屏東縣琉球鄉三民路283號,22.35249978,120.3826157,
小島，走走,外島/離島地區,屏東縣,929屏東縣琉球鄉中山路26-3號,22.34876314,120.3790331,
黑背包,外島/離島地區,屏東縣,929屏東縣琉球鄉相埔路16號,22.34532999,120.3750167,
嶼海生活背包宿,外島/離島地區,屏東縣,92941屏東縣琉球鄉民生路87號2樓,22.35357147,120.3819783,
LQ膠囊輕旅-LIUQIU,外島/離島地區,屏東縣,929屏東縣琉球鄉中正路1巷44號929,22.32948473,120.3590127,
小琉球野原星之宿,外島/離島地區,屏東縣,929屏東縣琉球鄉復興路173號,22.34983227,120.3743467,
小琉球獵戶座背包寨,外島/離島地區,屏東縣,929屏東縣琉球鄉中華路118號,22.34524498,120.3728239,
InnOcean 在海裡潛水旅宿,外島/離島地區,屏東縣,929屏東縣琉球鄉中山路6-4號,22.34437855,120.3751217,
上福民宿 ,外島/離島地區,屏東縣,929屏東縣琉球鄉相埔路79-6號,22.34688127,120.3717725,
自由空間旅宿 ,外島/離島地區,屏東縣,929屏東縣琉球鄉中山路51-5號2樓,22.34867537,120.3786839,
Sleep&go小琉球背包房,外島/離島地區,屏東縣,929屏東縣琉球鄉中興路289號2F,22.34599858,120.3739262,
小琉球純 住宿True Hostel Xiao liuqiu,外島/離島地區,屏東縣,929屏東縣琉球鄉三民路215號,22.35109136,120.384165,
Lixia Hostel 立夏旅宿,外島/離島地區,屏東縣,929屏東縣琉球鄉本漁路189號小琉球,22.35028241,120.3803536,
小琉球船屋特色民宿,外島/離島地區,屏東縣,929屏東縣琉球鄉中山路224號,22.35223925,120.3820783,
小琉球星月旅店,外島/離島地區,屏東縣,929屏東縣琉球鄉中山路116號,22.35142447,120.3813594,
小琉球嗚啦啦聚所 oh la la Hostel,外島/離島地區,屏東縣,929屏東縣琉球鄉民族路88之1號1樓,22.35086102,120.3768182,
燕燕青年旅店 Swallows Hostel,外島/離島地區,屏東縣,929屏東縣琉球鄉三民路20-3號,22.34581454,120.3872745,
旅.Highway,外島/離島地區,屏東縣,929屏東縣琉球鄉復興路2之16號,22.33986896,120.3641047,
萊克民宿-小琉球民宿 包棟,外島/離島地區,屏東縣,92941屏東縣琉球鄉中山路11-1號,22.34429349,120.3746582,
墨坊 - 海廢基地Morefun,外島/離島地區,屏東縣,92942屏東縣琉球鄉杉板路102號,22.34126879,120.3686944,
琉意旅宿,外島/離島地區,屏東縣,929屏東縣琉球鄉中正路1巷8號,22.32975385,120.3586609,
小琉球彼空映旅宿,外島/離島地區,屏東縣,929屏東縣琉球鄉杉福村復興路169之61號,22.34913525,120.3716671,
濱境行旅 Begin Inn,外島/離島地區,屏東縣,929屏東縣琉球鄉中興路No. 19-3,22.3332163,120.3618554,
小琉球皮亞諾旅店,外島/離島地區,屏東縣,929屏東縣琉球鄉仁愛路42號,22.33775954,120.3752925,
正好友生態環保旅店,外島/離島地區,屏東縣,929屏東縣琉球鄉中山路153號,22.35213574,120.3818531,
快樂小屋,外島/離島地區,屏東縣,929屏東縣琉球鄉復興路8之16號,22.34410228,120.3674602,
屏東小琉球海之旅民宿,外島/離島地區,屏東縣,929屏東縣琉球鄉三民路29-1號,22.34518176,120.3870889,
小琉球琉漾民宿,外島/離島地區,屏東縣,92942屏東縣琉球鄉忠孝路184-1號,22.33093326,120.3641003,
琉客棧民宿,外島/離島地區,屏東縣,929屏東縣琉球鄉中興路54之26號,22.33556501,120.3653856,
Xpb民宿,外島/離島地區,屏東縣,929屏東縣琉球鄉中正路124-1號,22.33202882,120.3659103,
小琉球朵小路北歐民宿(Secret Path B&B),外島/離島地區,屏東縣,929屏東縣琉球鄉復興路163-2號,22.3510029,120.3743884,
樓仔厝,外島/離島地區,屏東縣,929屏東縣琉球鄉中山路206號,22.35194671,120.3819036,
Liuqiu Dive Hostel,外島/離島地區,屏東縣,屏東縣琉球鄉本漁路81巷20之2號929‎ ,22.34816292,120.385799,
晴空宿,外島/離島地區,屏東縣,929屏東縣琉球鄉上杉路80之1號,22.34286244,120.3684489,
空中花園聖誕屋,外島/離島地區,屏東縣,929屏東縣琉球鄉三民路297號,22.35271416,120.3823917,
微浮包棟民宿,外島/離島地區,屏東縣,929屏東縣琉球鄉中山路81-1號,22.35012975,120.3796398,
36潛旅店,外島/離島地區,屏東縣,929屏東縣琉球鄉三民路36號,22.34634442,120.3880366,
玩BOX Show琉球民宿,外島/離島地區,屏東縣,929屏東縣琉球鄉上杉路250之6號,22.34779906,120.3660909,
小琉球【我們這一家輕旅宿】,外島/離島地區,屏東縣,929屏東縣琉球鄉上杉路130巷30號,22.34467758,120.3673092,
七武海旅宿,外島/離島地區,屏東縣,929屏東縣琉球鄉相埔路102號,22.34727677,120.3707178,
極之宿,外島/離島地區,屏東縣,929屏東縣琉球鄉上杉路130巷3號,22.34474811,120.3669992,
藍貝島潛水旅宿一館,外島/離島地區,屏東縣,929001屏東縣琉球鄉民權路50號之1,22.34507397,120.3765757,
首瓦包棟民宿,外島/離島地區,屏東縣,92941屏東縣琉球鄉中山路一巷50-2號,22.35133669,120.3803154,
98旅店,外島/離島地區,屏東縣,929屏東縣琉球鄉相埔路98號,22.34725272,120.370795,
貳拾捌旅店,外島/離島地區,屏東縣,929屏東縣琉球鄉上福村杉板路47之1號,22.34071095,120.3657689,
小琉球 尊順祿藝術旅店,外島/離島地區,屏東縣,929屏東縣琉球鄉本漁路160巷13號,22.35093245,120.3813787,
小火雞觀海民宿,外島/離島地區,屏東縣,929屏東縣琉球鄉復興路91-9號,22.34406068,120.3670404,
杉板灣Villa民宿 Shanban Bay Inn,外島/離島地區,屏東縣,929屏東縣琉球鄉肚仔坪路2號,22.34230751,120.3645151,
旅境藝術旅店,外島/離島地區,屏東縣,929屏東縣琉球鄉復興路161-57號,22.35124416,120.3751657,
