地點,地區,縣市,地址,緯度,經度,文字敘述,星級,評論數量,AI評論,評論連結,預覽圖路徑
萬里桐潛水區,南部地區,屏東縣,946屏東縣恆春鎮萬里路14-1號,21.99572429,120.7065343,,4.6,275,1.墾丁是一個浮潛的好地方。\n2.海洋生態豐富多樣。\n3.萬里桐是一個讓人放鬆的地方。,https://www.google.com/search?q=%E8%90%AC%E9%87%8C%E6%A1%90%E6%BD%9B%E6%B0%B4%E5%8D%80%0D%0A%0D%0A%E6%BD%9B%E9%BB%9E&biw=1280&bih=571&ei=qTLTZOmuGY2yoATEq7RQ&ved=0ahUKEwipp6b--c6AAxUNGYgKHcQVDQoQ4dUDCA8&uact=5&oq=%E8%90%AC%E9%87%8C%E6%A1%90%E6%BD%9B%E6%B0%B4%E5%8D%80%0D%0A%0D%0A%E6%BD%9B%E9%BB%9E&gs_lp=Egxnd3Mtd2l6LXNlcnAiGuiQrOmHjOahkOa9m-awtOWNgAoK5r2b6bueSABQAFgAcAB4AZABAJgBAKABAKoBALgBA8gBAPgBAuIDBBgAIEE&sclient=gws-wiz-serp#rlimm=16473722643402207926,img/map_img/1.jpg
山海,南部地區,屏東縣,946屏東縣恆春鎮山海路6號,21.98582481,120.7114139,,4.6,70,1.壯觀的夕陽景色。\n2.熱情好客的當地人。\n3.安靜的小漁港。,https://www.google.com/search?q=%E5%B1%B1%E6%B5%B7%E6%BC%81%E6%B8%AF&biw=1280&bih=571&ei=4jLTZIHjNt3p1e8PhJWIqA0&ved=0ahUKEwiB3NqZ-s6AAxXddPUHHYQKAtUQ4dUDCA8&uact=5&oq=%E5%B1%B1%E6%B5%B7%E6%BC%81%E6%B8%AF&gs_lp=Egxnd3Mtd2l6LXNlcnAiDOWxsea1t-a8gea4rzIFEC4YgAQyBxAAGIoFGEMyCxAuGIAEGMcBGK8BMgUQABiABDIFEAAYgAQyBBAAGB4yBBAAGB4yBBAAGB4yBBAAGB4yBBAAGB5IjwVQAFgAcAB4AZABAJgBjwGgAY8BqgEDMC4xuAEDyAEA-AEC-AEB4gMEGAAgQYgGAQ&sclient=gws-wiz-serp#rlimm=1288844035002230624,img/map_img/2.jpg
紅柴坑,南部地區,屏東縣,946屏東縣恆春鎮,21.97148602,120.7160298,,4.6,137,1.新鮮的魚類美味可口。\n2.位於漁港口，享受迷人的夕陽景色。\n3.親民的價格，適合品嚐海鮮的好地方。,"https://www.google.com/search?q=%E7%B4%85%E6%9F%B4%E5%9D%91%E6%BC%81%E6%B8%AF&biw=1280&bih=571&tbm=lcl&ei=GDPTZPLCKavh1e8P1pa5oA4&ved=0ahUKEwjyrq2z-s6AAxWrcPUHHVZLDuQQ4dUDCAk&uact=5&oq=%E7%B4%85%E6%9F%B4%E5%9D%91%E6%BC%81%E6%B8%AF&gs_lp=Eg1nd3Mtd2l6LWxvY2FsIg_ntIXmn7TlnZHmvIHmuK8yBRAAGIAEMgUQABiABDIFEAAYgAQyBRAAGIAEMgUQABiABDIFEAAYgAQyBRAAGIAEMgUQABiABDIFEAAYgAQyBRAAGIAESPADUABYAHAAeACQAQCYAdsCoAHbAqoBAzMtMbgBA8gBAPgBAvgBAYgGAQ&sclient=gws-wiz-local#rlfi=hd:;si:2696134240983380435,l,Cg_ntIXmn7TlnZHmvIHmuK-SAQZoYXJib3I,y,68izjUTyejo;mv:[[21.9721401,120.71631380000001],[21.9705054,120.7152359]]",img/map_img/3.jpg
合界,南部地區,屏東縣,946屏東縣恆春鎮,21.9560355,120.7135968,,3.8,45,1.合界算是一個挺熱門的潛水景點。\n2.很多珊瑚礁地形可以看。\n3.停車方便，交通樞紐。,https://www.google.com/search?q=%E5%90%88%E7%95%8C&biw=1280&bih=571&ei=CDPTZKy0C5Kp-QbTkZtg&ved=0ahUKEwis2L6r-s6AAxWSVN4KHdPIBgwQ4dUDCA8&uact=5&oq=%E5%90%88%E7%95%8C&gs_lp=Egxnd3Mtd2l6LXNlcnAiBuWQiOeVjDILEC4YgAQYxwEYrwEyCxAuGIAEGMcBGK8BMgUQABiABDIFEAAYgAQyBRAAGIAEMgUQABiABDIFEC4YgAQyBRAAGIAEMgUQABiABDIFEAAYgAQyGhAuGIAEGMcBGK8BGJcFGNwEGN4EGOAE2AEBSPMDUABYAHAAeAGQAQCYAZoBoAGaAaoBAzAuMbgBA8gBAPgBAvgBAeIDBBgAIEGIBgG6BgYIARABGBQ&sclient=gws-wiz-serp#rlimm=4817220534093360897,img/map_img/4.jpg
頂白沙,南部地區,屏東縣,946屏東縣恆春鎮,21.95396385,120.7169318,,null,null,1.珊瑚種類眾多，宛如踏進了水中森林。\n2.魚類更是繁多可以享受與魚群共游的歡樂。\n3.海流相當強勁跟其他潛水點比較起來危險很多。,https://www.potatomedia.co/post/4c662e90-3e96-4a97-a85f-70e857ca8357,img/map_img/5.jpg
雷打石,南部地區,屏東縣,946屏東縣恆春鎮,21.93267692,120.7461671,,4.5,101,1.魚群及珊瑚種類非常多樣。\n2.適合初階的潛水點。\n3.珊瑚種類多且完整。,"https://www.google.com/search?q=%E9%9B%B7%E6%89%93%E7%9F%B3%0D%0A&biw=1280&bih=571&ei=RTPTZNakE8_r1e8PvIWdsAY&ved=0ahUKEwiW29HI-s6AAxXPdfUHHbxCB2YQ4dUDCA8&uact=5&oq=%E9%9B%B7%E6%89%93%E7%9F%B3%0D%0A&gs_lp=Egxnd3Mtd2l6LXNlcnAiCumbt-aJk-efswpIAFAAWABwAHgBkAEAmAEAoAEAqgEAuAEDyAEA-AEC-AEB4gMEGAAgQQ&sclient=gws-wiz-serp#lrd=0x3471b026c2fb4ceb:0x192e2c2167384a79,1,,,,",img/map_img/6.jpg
出水口,南部地區,屏東縣,946屏東縣恆春鎮,21.93358018,120.7454876,,4.8,6,1.水上活動眾多。\n2.海岸線有海蜈蚣。\n3.海上湛藍清撤。,https://www.google.com/search?q=%E6%A0%B8%E4%B8%89%E5%BB%A0%E5%87%BA%E6%B0%B4%E5%8F%A3&biw=1280&bih=571&ei=RzTTZKnLBcz3wAOj367IBQ&ved=0ahUKEwjpisfD-86AAxXMO3AKHaOvC1kQ4dUDCA8&uact=5&oq=%E6%A0%B8%E4%B8%89%E5%BB%A0%E5%87%BA%E6%B0%B4%E5%8F%A3&gs_lp=Egxnd3Mtd2l6LXNlcnAiEuaguOS4ieW7oOWHuuawtOWPozIFEAAYgAQyBBAAGB5I8QRQAFgAcAB4AJABAJgBZqABZqoBAzAuMbgBA8gBAPgBAvgBAeIDBBgAIEGIBgE&sclient=gws-wiz-serp#rlimm=12210873767894431780,img/map_img/7.jpg
後壁湖,南部地區,屏東縣,946屏東縣恆春鎮,21.93669213,120.7458737,,4.1,5989,1.美食令人回味。\n2.風景優美。\n3.適合休閒的好地方。,"https://www.google.com/search?q=%E5%BE%8C%E5%A3%81%E6%B9%96%0D%0A&biw=1280&bih=571&ei=XzTTZOK9G9Xp-AbNrL6oCQ&ved=0ahUKEwii6ZXP-86AAxXVNN4KHU2WD5UQ4dUDCA8&uact=5&oq=%E5%BE%8C%E5%A3%81%E6%B9%96%0D%0A&gs_lp=Egxnd3Mtd2l6LXNlcnAiCuW-jOWjgea5lgpIAFAAWABwAHgBkAEAmAEAoAEAqgEAuAEDyAEA-AEC-AEB4gMEGAAgQQ&sclient=gws-wiz-serp#lrd=0x3471b03f3a25a1a1:0x814368594db2532a,1,,,,",img/map_img/8.jpg
跳石,南部地區,屏東縣,946屏東縣恆春鎮,21.95951447,120.7710636,,null,null,無,無,img/map_img/9.jpg
香蕉灣,南部地區,屏東縣,946屏東縣恆春鎮,21.92746937,120.8288463,,4.6,79,1.漁港內的海水清澈可見。\n2.夕陽景色令人嘆為觀止。\n3.幸運地看到海龜冒出水面。,"https://www.google.com/search?q=%E9%A6%99%E8%95%89%E7%81%A3%0D%0A&biw=1280&bih=571&ei=djTTZKzZKM7t-AazuZPwAw&ved=0ahUKEwis7J7a-86AAxXONt4KHbPcBD4Q4dUDCA8&uact=5&oq=%E9%A6%99%E8%95%89%E7%81%A3%0D%0A&gs_lp=Egxnd3Mtd2l6LXNlcnAiCummmeiVieeBowpIAFAAWABwAHgBkAEAmAEAoAEAqgEAuAEDyAEA-AEC-AEB4gMEGAAgQQ&sclient=gws-wiz-serp#lrd=0x3471b26bce8741b3:0xcd242108e5c4bf67,1,,,,",img/map_img/10.jpg
砂島,南部地區,屏東縣,946屏東縣恆春鎮砂島路221號,21.91400435,120.8470337,,4.6,467,1.保護區不能進入的星砂海灘非常美麗。\n2.守規矩不進入能維持美麗的海灘。\n3.恆春半島砂質最好的海岸線值得一遠觀。,"https://www.google.com/search?q=%E7%A0%82%E5%B3%B6%E7%94%9F%E6%85%8B%E4%BF%9D%E8%AD%B7%E5%8D%80&hl=zh-TW&source=hp&ei=CDXTZK_tNMb8hwP4grP4Dg&iflsig=AD69kcEAAAAAZNNDGDReHCl1StxwT6HBX0-ENKZILC_j&ved=0ahUKEwivkfqf_M6AAxVG_mEKHXjBDO8Q4dUDCAs&uact=5&oq=%E7%A0%82%E5%B3%B6%E7%94%9F%E6%85%8B%E4%BF%9D%E8%AD%B7%E5%8D%80&gs_lp=Egdnd3Mtd2l6IhXnoILls7bnlJ_mhYvkv53orbfljYAyCxAuGIAEGMcBGK8BMgUQABiABDIFEAAYgAQyBhAAGB4YDzIGEAAYBRgeSIsIUKUDWKUDcAF4AJABAJgBhQGgAYUBqgEDMC4xuAEDyAEA-AEC-AEBqAIA&sclient=gws-wiz#lrd=0x3471b27d2af24fff:0x35acf75d121da9bf,1,,,,",img/map_img/11.jpg
後壁湖餵魚區,南部地區,屏東縣,946屏東縣恆春鎮大光里,21.94537119,120.7514746,,4.5,79,1.浮潛的時候能看到不錯的生物多樣性。\n2.天氣變好後能看清楚水下景象。/n3.有各式各樣的熱帶魚。,"https://www.google.com/search?q=%E5%BE%8C%E5%A3%81%E6%B9%96%E6%B5%AE%E6%BD%9B%E5%8D%80&hl=zh-TW&ei=KTXTZP6yK5r9-QbypaOIBQ&ved=0ahUKEwi-686v_M6AAxWaft4KHfLSCFEQ4dUDCA8&uact=5&oq=%E5%BE%8C%E5%A3%81%E6%B9%96%E6%B5%AE%E6%BD%9B%E5%8D%80&gs_lp=Egxnd3Mtd2l6LXNlcnAiEuW-jOWjgea5lua1rua9m-WNgDIFEC4YgAQyCBAAGAUYHhgPSLYEUABYAHAAeAGQAQCYAZkBoAGZAaoBAzAuMbgBA8gBAPgBAvgBAeIDBBgAIEGIBgE&sclient=gws-wiz-serp#lrd=0x3471b0387e36334b:0x7123deeaf89a21bc,1,,,,",img/map_img/12.jpg
藍洞,東部地區,臺東縣,951臺東縣綠島鄉,22.66167322,121.5086298,,4.7,100,1.藍洞的魅力要親自體驗。\n2.若是無浮潛、潛水經驗，建議由浮潛店帶領前往。\n3.若是無浮潛、潛水經驗，建議由浮潛店帶領前往。,"https://www.google.com/search?q=%E7%B6%A0%E5%B3%B6%E8%97%8D%E6%B4%9E&hl=zh-TW&ei=rTXTZJSAMNn7wQPN8pcI&ved=0ahUKEwjUiszu_M6AAxXZfXAKHU35BQEQ4dUDCA8&uact=5&oq=%E7%B6%A0%E5%B3%B6%E8%97%8D%E6%B4%9E&gs_lp=Egxnd3Mtd2l6LXNlcnAiDOe2oOWztuiXjea0njILEC4YgAQYxwEYrwEyBRAAGIAEMgsQABiKBRixAxiDATIFEAAYgAQyBRAAGIAEMgUQABiABDIFEAAYgAQyBRAAGIAEMgUQABiABDIFEAAYgAQyGhAuGIAEGMcBGK8BGJcFGNwEGN4EGOAE2AEBSP0-UABYqjxwAHgBkAEAmAHlAqAB1BGqAQgyLjExLjEuMbgBA8gBAPgBAcICBRAuGIAEwgIOEC4YrwEYxwEYsQMYgATCAggQLhiABBixA8ICCBAAGIAEGLEDwgILEAAYgAQYsQMYgwHCAhQQLhiABBixAxiDARjHARivARiYBcICHRAuGK8BGMcBGLEDGIAEGJcFGNwEGN4EGOAE2AEBwgIFEAAYogTCAgcQABiKBRhDwgIHEC4YigUYQ8ICChAAGIoFGLEDGEPCAhEQLhiABBixAxiDARjHARivAcICExAuGIoFGLEDGIMBGMcBGK8BGEPCAiIQLhiKBRixAxiDARjHARivARhDGJcFGNwEGN4EGOAE2AEB4gMEGAAgQYgGAboGBggBEAEYFA&sclient=gws-wiz-serp#lrd=0x346f8dee44965041:0x8e9172b455c20d7e,1,,,,",img/map_img/13.jpg
公館鼻後礁,東部地區,臺東縣,951臺東縣綠島鄉,22.67940647,121.4915898,,4.6,55,1.綠島石山是臺灣重要的史前遺址。\n2.山頂可欣賞綠島燈塔、石牛山和綠島監獄。\n3.夕陽景色迷人，放空心情，欣賞大自然的美景。,"https://www.google.com/search?q=%E5%85%AC%E9%A4%A8%E9%BC%BB%E5%BE%8C%E7%A4%81%0D%0A&hl=zh-TW&ei=NjXTZN-2KsbK-Qax0JegBQ&ved=0ahUKEwjfqee1_M6AAxVGZd4KHTHoBVQQ4dUDCA8&uact=5&oq=%E5%85%AC%E9%A4%A8%E9%BC%BB%E5%BE%8C%E7%A4%81%0D%0A&gs_lp=Egxnd3Mtd2l6LXNlcnAiEOWFrOmkqOm8u-W-jOekgQpIAFAAWABwAHgBkAEAmAEAoAEAqgEAuAEDyAEA-AEC-AEB4gMEGAAgQQ&sclient=gws-wiz-serp#lrd=0x346f8c4b4b24d6b7:0x6f97faac4147d180,1,,,,",img/map_img/14.jpg
石朗,東部地區,臺東縣,951臺東縣綠島鄉,22.65595755,121.4744973,,4.6,649,1.能見度好，能看到很多熱帶魚和海龜。\n2.臺灣離島上有很多潛點。\n3.適合親子來玩，小孩也能在岸上玩沙。,"https://www.google.com/search?q=%E7%9F%B3%E6%9C%97%0D%0A&hl=zh-TW&ei=bDXTZP-oDNK1oASdj5m4Bg&ved=0ahUKEwj_jqnP_M6AAxXSGogKHZ1HBmcQ4dUDCA8&uact=5&oq=%E7%9F%B3%E6%9C%97%0D%0A&gs_lp=Egxnd3Mtd2l6LXNlcnAiB-efs-aclwpIAFAAWABwAHgAkAEAmAEAoAEAqgEAuAEDyAEA-AEC-AEB4gMEGAAgQQ&sclient=gws-wiz-serp#lrd=0x346f8d0e05df8365:0xa6f0c2312318e8e6,1,,,,",img/map_img/15.jpg
樓門岩,東部地區,臺東縣,951臺東縣綠島鄉,22.68425441,121.5075738,,4.7,18,1.世界級的海底景觀!\n2.只有親身體驗才知道有多美。\n3.綠島東北角一處島礁。,https://www.google.com/search?q=%E7%B6%A0%E5%B3%B6%E6%A8%93%E9%96%80%E5%B2%A9&hl=zh-TW&ei=ojXTZJ3-GdGhhwO2hbuQDQ&ved=0ahUKEwid15bp_M6AAxXR0GEKHbbCDtIQ4dUDCA8&uact=5&oq=%E7%B6%A0%E5%B3%B6%E6%A8%93%E9%96%80%E5%B2%A9&gs_lp=Egxnd3Mtd2l6LXNlcnAiD-e2oOWztuaok-mWgOWyqTIFEAAYgAQyBRAAGIAESJgKUMAEWMAEcAF4AZABAJgBgAGgAYABqgEDMC4xuAEDyAEA-AEB-AECqAIA4gMEGAAgQYgGAQ&sclient=gws-wiz-serp#rlimm=18074590053871284735,img/map_img/16.jpg
大白沙潛水區,東部地區,臺東縣,951臺東縣綠島鄉,22.63965608,121.4976939,,4.6,414,1.綠島的大白沙沙灘是最大的海灘，沙子白淨且細。\n2.能見度很好，有很多美麗的珊瑚。\n3.適合兒童戲水，是一個美好的家庭回憶。,"https://www.google.com/search?q=%E5%A4%A7%E7%99%BD%E6%B2%99%E6%BD%9B%E6%B0%B4%E5%8D%80&oq=%E5%A4%A7%E7%99%BD%E6%B2%99%E6%BD%9B%E6%B0%B4%E5%8D%80&aqs=chrome.0.0i355i512j46i175i199i512j0i15i30.712j0j7&sourceid=chrome&ie=UTF-8#lrd=0x346f8d06aaaaaaab:0x9d2691c574f3af77,1,,,,",img/map_img/17.jpg
柴口浮潛區,東部地區,臺東縣,95142臺東縣綠島鄉柴口61號,22.67908576,121.475748,,4.6,955,1.海底視野很好，清澈透明。\n2.海洋生態豐富，魚群多樣。\n3.有著名的尖翅燕魚郵筒，適合拍照。,"https://www.google.com/search?q=%E6%9F%B4%E5%8F%A3%E6%B5%AE%E6%BD%9B%E5%8D%80%0D%0A&ei=PqHRZPyqBJbihwPYyJeYCA&ved=0ahUKEwj8wfWU-8uAAxUW8WEKHVjkBYMQ4dUDCBA&uact=5&oq=%E6%9F%B4%E5%8F%A3%E6%B5%AE%E6%BD%9B%E5%8D%80%0D%0A&gs_lp=Egxnd3Mtd2l6LXNlcnAiEOaftOWPo-a1rua9m-WNgApI4glQpwVYpwVwAngBkAEAmAEAoAEAqgEAuAEDyAEA-AEB-AECqAIA4gMEGAAgQYgGAQ&sclient=gws-wiz-serp#lrd=0x346f8db0fff41a1f:0x30880968a257b4cf,1,,,,",img/map_img/18.jpg
海洋之心,東部地區,臺東縣,951臺東縣綠島鄉漁港路,22.65591797,121.4714932,,4.6,147,1.假日非常熱鬧，但非假日去不容易排隊。\n2.海底世界真的很漂亮，潛水是一個人生中解鎖的第一次體驗。\n3.綠島的海馬郵筒是一個必去的打卡景點，令人留連忘返。,https://www.google.com/search?q=%E7%B6%A0%E5%B3%B6%E6%B5%B7%E6%B4%8B%E4%B9%8B%E5%BF%83%E8%A9%95%E8%AB%96&ei=P6PRZOv6H4fZ-QaUppPIDQ&ved=0ahUKEwirluCJ_cuAAxWHbN4KHRTTBNkQ4dUDCBA&uact=5&oq=%E7%B6%A0%E5%B3%B6%E6%B5%B7%E6%B4%8B%E4%B9%8B%E5%BF%83%E8%A9%95%E8%AB%96&gs_lp=Egxnd3Mtd2l6LXNlcnAiGOe2oOWztua1t-a0i-S5i-W_g-ipleirljIFEAAYogQyBRAAGKIEMgUQABiiBDIFEAAYogRIhCFQ0Q1Y-RxwAXgBkAEAmAGLAaABrAeqAQMwLji4AQPIAQD4AQHCAgoQABhHGNYEGLAD4gMEGAAgQYgGAZAGCg&sclient=gws-wiz-serp#rlimm=4236165206603613581,img/map_img/19.jpg
花瓶岩,南部地區,屏東縣,929屏東縣琉球鄉,22.35541851,120.38165,,4.5,10376,1.小琉球地標景點之一。\n2.照片在太陽下山時拍攝最漂亮。\n3.回憶留在心中，但要珍惜當下，學會長大。,"https://www.google.com/search?q=%E8%8A%B1%E7%93%B6%E5%B2%A9%0D%0A&ei=7qPRZPn3K7eB2roP7fyjiAg&ved=0ahUKEwj5pqXd_cuAAxW3gFYBHW3-CIEQ4dUDCBA&uact=5&oq=%E8%8A%B1%E7%93%B6%E5%B2%A9%0D%0A&gs_lp=Egxnd3Mtd2l6LXNlcnAiCuiKseeTtuWyqQpIogtQiwZYiwZwAngBkAEAmAEAoAEAqgEAuAEDyAEA-AEB-AECqAIA4gMEGAAgQYgGAQ&sclient=gws-wiz-serp#lrd=0x3471e57038033fd7:0xc842f4c9d32e16bf,1,,,,",img/map_img/20.jpg
中澳,南部地區,屏東縣,929屏東縣琉球鄉三民路124號,22.35122843,120.3875026,,4.8,159,1.可觀賞到海龜和魚群。\n2.浮潛是必須的。\n3.沒有漂浮的垃圾。,"https://www.google.com/search?q=%E5%B0%8F%E7%90%89%E7%90%83%E4%B8%AD%E6%BE%B3%0D%0A&ei=T6TRZOmdCZ_u2roPju-zoAY&ved=0ahUKEwipgaOL_suAAxUft1YBHY73DGQQ4dUDCBA&uact=5&oq=%E5%B0%8F%E7%90%89%E7%90%83%E4%B8%AD%E6%BE%B3%0D%0A&gs_lp=Egxnd3Mtd2l6LXNlcnAiEOWwj-eQieeQg-S4rea-swpIAFAAWABwAHgBkAEAmAEAoAEAqgEAuAEDyAEA-AEC-AEB4gMEGAAgQQ&sclient=gws-wiz-serp#lrd=0x3471e5a928b78d75:0x1bca3287178693f6,1,,,,",img/map_img/21.jpg
電廠,南部地區,屏東縣,929屏東縣琉球鄉仁愛路1之11號,22.33871866,120.3778391,,4.5,13,1.網美老木位於小琉球的臺電旁，需要沿著海岸走一段路才能找到。\n2.這個秘境景點有很多漂流木，每個點拍起來的感覺都不一樣。\n3.在網美老木附近還可以遇到熱心的阿伯幫忙指導拍照。,"https://www.google.com/search?q=%E5%B0%8F%E7%90%89%E7%90%83+%E9%9B%BB%E5%BB%A0&ei=JqfRZJvlNOGL2roPz9y62Ak&ved=0ahUKEwibkKPmgMyAAxXhhVYBHU-uDpsQ4dUDCBA&uact=5&oq=%E5%B0%8F%E7%90%89%E7%90%83+%E9%9B%BB%E5%BB%A0&gs_lp=Egxnd3Mtd2l6LXNlcnAiEOWwj-eQieeQgyDpm7vlu6AyBRAAGKIEMgUQABiiBDIFEAAYogQyBRAAGKIESPoFUPUBWPUBcAF4AZABAJgBngGgAZ4BqgEDMC4xuAEDyAEA-AEBwgIKEAAYRxjWBBiwA-IDBBgAIEGIBgGQBgo&sclient=gws-wiz-serp#lrd=0x3471ef88bc34c71b:0xc9faf5eb3a8fc9a,1,,,,",img/map_img/22.jpg
厚石,南部地區,屏東縣,929屏東縣琉球鄉,22.32456304,120.3653352,,4.6,1740,1.有海龜出沒的小海灣。\n2.海水清澈適合小孩玩水。\n3.特別的珊瑚礁海岸值得欣賞。,https://www.google.com/search?q=%E5%B0%8F%E7%90%89%E7%90%83+%E5%8E%9A%E7%9F%B3%E8%A9%95%E8%AB%96&ei=J6jRZOKBEv3R2roPiMuyoA0&ved=0ahUKEwiiscbggcyAAxX9qFYBHYilDNQQ4dUDCBA&uact=5&oq=%E5%B0%8F%E7%90%89%E7%90%83+%E5%8E%9A%E7%9F%B3%E8%A9%95%E8%AB%96&gs_lp=Egxnd3Mtd2l6LXNlcnAiFuWwj-eQieeQgyDljprnn7PoqZXoq5YyBRAAGKIEMgUQABiiBEiVIFD6CVi3HHABeAGQAQCYAZUBoAGPB6oBAzIuNrgBA8gBAPgBAcICChAAGEcY1gQYsAPCAgUQIRigAeIDBBgAIEGIBgGQBgo&sclient=gws-wiz-serp#rlimm=4842873147175291521,img/map_img/23.jpg
海子口,南部地區,屏東縣,929屏東縣琉球鄉,22.32539109,120.3591294,,4.4,384,1.近距離看海龜的好地方！\n2.非常乾淨的漁港。\n3.海水清晰，風景怡人。,https://www.google.com/search?q=%E6%B5%B7%E5%AD%90%E5%8F%A3%E7%A7%98%E5%A2%83&ei=xqjRZMSdOpmM2roPmsSpuAI&oq=%E5%B0%8F%E7%90%89%E7%90%83+%E6%B5%B7%E5%AD%90%E5%8F%A3&gs_lp=Egxnd3Mtd2l6LXNlcnAiE-Wwj-eQieeQgyDmtbflrZDlj6MqAggAMgoQABhHGNYEGLADMgoQABhHGNYEGLADMgoQABhHGNYEGLADMgoQABhHGNYEGLADMgoQABhHGNYEGLADMgoQABhHGNYEGLADSJ0RUABYAHABeAGQAQCYAQCgAQCqAQC4AQHIAQDiAwQYACBBiAYBkAYG&sclient=gws-wiz-serp#rlimm=9136751955628227655,img/map_img/24.jpg
多仔坪,南部地區,屏東縣,929屏東縣琉球鄉,22.35014315,120.3654971,,4.5,270,1.導覽員講解專業，豐富的海洋生態。\n2.觀賞到海龜令人興奮。\n3.美麗的海景和帆船。,"https://www.google.com/search?q=%E5%A4%9A%E4%BB%94%E5%9D%AA%0D%0A&ei=zqjRZKSdEIGk2roPk-ewgA8&ved=0ahUKEwikvJWwgsyAAxUBklYBHZMzDPAQ4dUDCBA&uact=5&oq=%E5%A4%9A%E4%BB%94%E5%9D%AA%0D%0A&gs_lp=Egxnd3Mtd2l6LXNlcnAiCuWkmuS7lOWdqgpIAFAAWABwAHgBkAEAmAEAoAEAqgEAuAEDyAEA-AEC-AEB4gMEGAAgQQ&sclient=gws-wiz-serp#lrd=0x3471e55e12f1e275:0x716a88810d4c8219,1,,,,",img/map_img/25.jpg
龍蝦洞,南部地區,屏東縣,929屏東縣琉球鄉,22.34506537,120.3884634,,4.4,3564,1.近距離觀賞海龜，小孩大滿足。\n2.清澈的水和有趣的天然地形。\n3.美麗的環境，但需要小心岩石和垃圾。,"https://www.google.com/search?q=%E9%BE%8D%E8%9D%A6%E6%B4%9E%0D%0A&ei=6KnRZKrqBJqlhwPq6L3wDw&ved=0ahUKEwiq_sW2g8yAAxWa0mEKHWp0D_4Q4dUDCBA&uact=5&oq=%E9%BE%8D%E8%9D%A6%E6%B4%9E%0D%0A&gs_lp=Egxnd3Mtd2l6LXNlcnAiCum-jeidpua0ngpIAFAAWABwAHgBkAEAmAEAoAEAqgEAuAEDyAEA-AEC-AEB4gMEGAAgQQ&sclient=gws-wiz-serp#lrd=0x3471e57f368160b3:0x82a43f09c9b7aa1a,1,,,,",img/map_img/26.jpg
杉福,南部地區,屏東縣,929屏東縣琉球鄉,22.34224709,120.3629457,,4.5,385,1.內灣區域非常適合孩子玩水。\n2.人潮眾多，水上活動很受歡迎。\n3.出海的人也很多。,"https://www.google.com/search?sa=X&tbs=lf:1,lf_ui:1&tbm=lcl&q=%E6%9D%89%E7%A6%8F&rflfq=1&num=10&ved=2ahUKEwjE-t6ZhcyAAxVJbPUHHQ4DAqgQjGp6BAhHEAE&biw=1280&bih=571&dpr=1.5#rlfi=hd:;si:;mv:[[22.347545699999998,120.36610510000001],[22.3402299,120.36198599999999]];tbs:lrf:!1m4!1u3!2m2!3m1!1e1!1m4!1u2!2m2!2m1!1e1!2m1!1e2!2m1!1e3!3sIAE,lf:1,lf_ui:1",img/map_img/27.jpg
浮潛秘境海底郵筒,外島/離島地區,澎湖縣,880澎湖縣馬公市鎖港里,23.51987455,119.6134939,,4.4,194,1.珊瑚與熱帶魚種類多樣。\n2.澎湖政府致力於珊瑚復育。\n3.海灣環境復育不錯。,"https://www.google.com/search?q=%E6%B5%AE%E6%BD%9B%E7%A7%98%E5%A2%83%E6%B5%B7%E5%BA%95%E9%83%B5%E7%AD%92%0D%0A&biw=1280&bih=571&tbm=lcl&ei=CazRZOWECMe5hwPq2674Dg&ved=0ahUKEwilrbm6hcyAAxXH3GEKHeqtC-8Q4dUDCAk&uact=5&oq=%E6%B5%AE%E6%BD%9B%E7%A7%98%E5%A2%83%E6%B5%B7%E5%BA%95%E9%83%B5%E7%AD%92%0D%0A&gs_lp=Eg1nd3Mtd2l6LWxvY2FsIhnmta7mvZvnp5jlooPmtbflupXpg7XnrZIKSMsOUL8HWL8HcAF4AJABAJgBAKABAKoBALgBA8gBAPgBAfgBAqgCAIgGAQ&sclient=gws-wiz-local#rlfi=hd:;si:7406789335081535534,l,Chjmta7mvZvnp5jlooPmtbflupXpg7XnrZJI5_Oe1J-qgIAIWjIQABABEAIQAxAEGAAYARgCGAMYBCIc5rWuIOa9myDnp5jlooMg5rW35bqVIOmDteetkpIBEnRvdXJpc3RfYXR0cmFjdGlvbqoBUAoJL20vMDR3NjdfEAEyHxABIhslRN-pcElg6-da7TAy2yd-ajmz_W59Bz8OQYUyIBACIhzmta4g5r2bIOenmOWigyDmtbflupUg6YO1562S,y,7AEKIEjwCFo;mv:[[23.51651297731903,119.60716707900316],[23.516153022680975,119.60677452099685]]",img/map_img/28.jpg
杭灣,外島/離島地區,澎湖縣,880澎湖縣馬公市,23.51752557,119.6064594,,4.4,30,1.浮潛秘境海底郵筒可以寄信。\n2.礁岩區提供健走步道體驗。\n3.可以觀察到許多海中生物。,"https://www.google.com/search?q=%E6%9D%AD%E7%81%A3&oq=%E6%9D%AD%E7%81%A3&aqs=chrome.0.0i355i512j46i175i199i512j0i512l3j0i5i30l2.9877j0j7&sourceid=chrome&ie=UTF-8#lrd=0x346c4fb5a5c705eb:0x51b61b0fff05b289,1,,,,",img/map_img/29.jpg
月鯉灣,外島/離島地區,澎湖縣,883澎湖縣七美鄉月鯉港東面濱海,23.19689854,119.4301126,,4.4,655,1.提供簡易浮潛和觀賞熱帶魚的免費地點。\n2.環境整潔，有沖洗場地和乾淨的廁所。\n3.附近有商店可以購買飲食，還有亭子供休憩。,"https://www.google.com/search?q=%E6%9C%88%E9%AF%89%E7%81%A3%0D%0A&ei=zq_RZLKlIMO1oATLgJCQBA&ved=0ahUKEwiyxOSGicyAAxXDGogKHUsABEIQ4dUDCBA&uact=5&oq=%E6%9C%88%E9%AF%89%E7%81%A3%0D%0A&gs_lp=Egxnd3Mtd2l6LXNlcnAiCuaciOmvieeBowpIAFAAWABwAHgAkAEAmAEAoAEAqgEAuAEDyAEA-AEC-AEB4gMEGAAgQQ&sclient=gws-wiz-serp#lrd=0x346da791d64358b3:0x8a385fcd552e74a5,1,,,,",img/map_img/30.jpg
南方四島,外島/離島地區,澎湖縣,123澎湖縣望安鄉882東坪村東嶼坪43號,23.25650853,119.5125352,,4.7,425,1.南方四島景色美不勝收。\n2.導遊郭立綸老師的專業知識和熱情服務讓人感謝。\n3.風景很美，很適合放空的地方。,https://www.google.com/search?q=%E5%8D%97%E6%96%B9%E5%9B%9B%E5%B3%B6%0D%0A&ei=_7DRZMWOEtDN2roPmKyWqA8&ved=0ahUKEwiFio6YisyAAxXQplYBHRiWBfUQ4dUDCBA&uact=5&oq=%E5%8D%97%E6%96%B9%E5%9B%9B%E5%B3%B6%0D%0A&gs_lp=Egxnd3Mtd2l6LXNlcnAiDeWNl-aWueWbm-WztgpI_QpQ2QdY2QdwAXgBkAEAmAEAoAEAqgEAuAEDyAEA-AEB-AECqAIA4gMEGAAgQYgGAQ&sclient=gws-wiz-serp#rlimm=10991755371936558003,img/map_img/31.jpg
薰衣草森林,外島/離島地區,澎湖縣,885澎湖縣湖西鄉,23.56467323,119.6370767,,null,null,1.珊瑚覆蓋率高達70%（會因氣候狀況增減）。\n2.到7-8月份天氣較炎熱時會呈現美麗的藍紫色。\n3.幸運的話還可以看見海龜！,https://travel.yam.com/article/131138,img/map_img/32.jpg
東西吉廊道,外島/離島地區,澎湖縣,882澎湖縣望安鄉,23.28214982,119.7254389,,null,null,1.南方四島最有名的潛水點。\n2.地點位於東吉嶼和西吉嶼中間的海域，這裡的海流非常強。\n3.生態越來越豐富，滿滿都是魚。,https://today.line.me/tw/v2/article/wBzpp5,img/map_img/33.jpg
基隆潮境公園,北部地區,基隆市,202基隆市中正區北寧路369巷61號,25.1446129,121.8041399,,4.4,15390,1.潮境公園有美麗的風景和舒適的氛圍。\n2.適合在傍晚欣賞夕陽，坐在草地上享受海風。\n3.部分店家有營業，可在假日逛潮市集。,"https://www.google.com/search?q=%E5%9F%BA%E9%9A%86%E6%BD%AE%E5%A2%83%E5%85%AC%E5%9C%92%0D%0A&ei=eLPRZMLoGoGl1e8Pzpi8uAI&ved=0ahUKEwjChILGjMyAAxWBUvUHHU4MDycQ4dUDCBA&uact=5&oq=%E5%9F%BA%E9%9A%86%E6%BD%AE%E5%A2%83%E5%85%AC%E5%9C%92%0D%0A&gs_lp=Egxnd3Mtd2l6LXNlcnAiE-Wfuumahua9ruWig-WFrOWckgpI8AZQhwVYhwVwAXgBkAEAmAEAoAEAqgEAuAEDyAEA-AEB-AECqAIA4gMEGAAgQYgGAQ&sclient=gws-wiz-serp#lrd=0x345d4f796bf63419:0x933818b7df70488e,1,,,,",img/map_img/34.jpg
基隆平浪橋,北部地區,基隆市,202基隆市中正區漁港三街,25.13991815,121.8021934,,4.3,66,1.平浪橋是能跨越港口的橋樑之一。\n2.擁有美麗的海景和藍天碧海的好天氣。\n3.吸引了許多遊客和釣魚愛好者。,"https://www.google.com/search?q=%E5%9F%BA%E9%9A%86%E5%B9%B3%E6%B5%AA%E6%A9%8B%0D%0A&ei=jrPRZJSrCpj3wAPTt5yABw&ved=0ahUKEwiUqrDQjMyAAxWYO3AKHdMbB3AQ4dUDCBA&uact=5&oq=%E5%9F%BA%E9%9A%86%E5%B9%B3%E6%B5%AA%E6%A9%8B%0D%0A&gs_lp=Egxnd3Mtd2l6LXNlcnAiEOWfuumahuW5s-a1quapiwpIuQhQ1QZY1QZwAngBkAEAmAEAoAEAqgEAuAEDyAEA-AEB-AECqAIA4gMEGAAgQYgGAQ&sclient=gws-wiz-serp#lrd=0x345d4f78615679af:0xbad2497fcd3e9a0b,1,,,,",img/map_img/35.jpg
花園二號,北部地區,基隆市,202基隆市中正區,25.14567179,121.8068228,,null,null,1.獨立礁盤上展滿了各色的海扇和軟珊瑚。\n2.此潛點還有一個特別的巨星海蘋果下秘密花園的人一定要來朝聖！\n3.海蛞蝓在這個潛點非常的常見。,https://albeesmile.pixnet.net/blog/post/65544433-%E3%80%90%E6%BD%9B%E6%B0%B4%E6%97%A5%E8%AA%8C%E3%80%91no.42.43.44%E5%9F%BA%E9%9A%86%E5%85%AB%E6%96%97%E5%AD%90%E6%BD%AE%E5%A2%83%E5%85%AC%E5%9C%92%E3%80%82,img/map_img/36.jpg
秘密花園,北部地區,基隆市,202基隆市中正區,25.14447062,121.805751,,null,null,1.獨立礁盤上展滿了各色的海扇和軟珊瑚。\n2.此潛點還有一個特別的巨星海蘋果下秘密花園的人一定要來朝聖！\n3.海蛞蝓在這個潛點非常的常見。,https://albeesmile.pixnet.net/blog/post/65544433-%E3%80%90%E6%BD%9B%E6%B0%B4%E6%97%A5%E8%AA%8C%E3%80%91no.42.43.44%E5%9F%BA%E9%9A%86%E5%85%AB%E6%96%97%E5%AD%90%E6%BD%AE%E5%A2%83%E5%85%AC%E5%9C%92%E3%80%82,img/map_img/37.jpg
花牆,北部地區,基隆市,202基隆市中正區,25.1469538,121.8083538,,null,null,無,無,img/map_img/38.jpg
油庫口,北部地區,基隆市,202基隆市中正區,25.14776226,121.7997671,,null,null,無,無,img/map_img/39.jpg
鋼鐵礁,北部地區,基隆市,202基隆市中正區,25.14398553,121.8082135,,null,null,1.為基隆市政府在潮境灣內投下的數座人工魚礁。\n2.每年夏季都可以看到各式成群的仔魚躲藏在礁體周圍。\n3.同時適合新手與老手的良好潛點。,http://water4fun.com/welcome/details?a_sid=7,img/map_img/40.jpg
海建號沈船,北部地區,基隆市,202基隆市中正區,25.14087859,121.8073076,,null,null,1.海建號前身為水試所實驗船。\n2.潛點魚群多，常見竹莢魚、烏尾?、紅甘、燕魚等。\n3.常年能見度不佳，建議攜帶兩支以上手電筒。,https://bluetrend.media/taiwan-dive-sites-hai-jian-hau/,img/map_img/41.jpg
鋼鐵屋,北部地區,基隆市,202基隆市中正區,25.13992944,121.807711,,null,null,1.為基隆市政府在潮境灣內投下的數座人工魚礁。\n2.每年夏季都可以看到各式成群的仔魚躲藏在礁體周圍。\n3.同時適合新手與老手的良好潛點。,http://water4fun.com/welcome/details?a_sid=7,img/map_img/42.jpg
鼻頭角公園,北部地區,新北市,224新北市瑞芳區鼻頭路1號,25.12566856,121.9151645,,4.5,5665,1.適合傍晚或一大早漫步。\n2.可以浮潛玩水的好地方。\n3.停車腹地有限，但海景滿分。,"https://www.google.com/search?q=%E6%96%B0%E5%8C%97%E9%BC%BB%E9%A0%AD%E8%A7%92%E5%85%AC%E5%9C%92%0D%0A&ei=k7XRZOzgBfvN2roP17GDyA0&ved=0ahUKEwis9u7GjsyAAxX7plYBHdfYANkQ4dUDCBA&uact=5&oq=%E6%96%B0%E5%8C%97%E9%BC%BB%E9%A0%AD%E8%A7%92%E5%85%AC%E5%9C%92%0D%0A&gs_lp=Egxnd3Mtd2l6LXNlcnAiFuaWsOWMl-m8u-mgreinkuWFrOWckgoyChAAGEcY1gQYsAMyChAAGEcY1gQYsAMyChAAGEcY1gQYsAMyChAAGEcY1gQYsAMyChAAGEcY1gQYsAMyChAAGEcY1gQYsAMyChAAGEcY1gQYsAMyChAAGEcY1gQYsANIwkRQyQNY2UFwAXgBkAEAmAEAoAEAqgEAuAEDyAEA-AEC-AEB4gMEGAAgQYgGAZAGCA&sclient=gws-wiz-serp#lrd=0x345d439050e0554b:0x215f832cbcb93fb7,1,,,,",img/map_img/43.jpg
蝙蝠洞公園,北部地區,新北市,224新北市瑞芳區海濱里,25.12663764,121.8317214,,4.1,2107,1.蝙蝠大約在傍晚時分飛出來，非常壯觀。\n2.公園內有公廁，方便休息。\n3.停車位非常有限，在假日人潮眾多時很難找到位置。,"https://www.google.com/search?q=%E8%9D%99%E8%9D%A0%E6%B4%9E%E5%85%AC%E5%9C%92&oq=%E8%9D%99%E8%9D%A0%E6%B4%9E%E5%85%AC%E5%9C%92&aqs=chrome.0.0i355i512j46i175i199i512j0i512l8.877j0j9&sourceid=chrome&ie=UTF-8#lrd=0x345d45734288c3bb:0xd913eafa00af7686,1,,,,",img/map_img/44.jpg
龍洞灣,北部地區,新北市,228新北市貢寮區,25.10399692,121.9232823,,null,null,1.位於鼻頭岬與龍洞岬中間，是一個天然東北—西南向的峽灣。\n2.此區是北部主要潛水基地，路邊整排潛店密度全臺第一。\n3.由於峽灣內幾乎不會遇到強勁海流，非常適合潛水活動。,https://www.mingdiving.com/thenortheastcoast,img/map_img/45.jpg
龍洞1號,北部地區,新北市,228新北市貢寮區龍洞街63-8號,25.1171114,121.9173877,,null,null,1.位於龍洞灣公園內泳池外側。\n2.有許多小峽谷、峭壁、在峭壁之側，長滿許多顏色艷麗的軟珊瑚，魚群甚多。\n3.初級潛點，岸潛。,https://www.mingdiving.com/thenortheastcoast,img/map_img/46.jpg
龍洞1.5號,北部地區,新北市,228新北市貢寮區龍洞街63-8號,25.11594308,121.9154998,,null,null,1.此潛點在龍洞灣公園旁。\n2.此處每年皆有固定施放軟絲復育產房，有機會近距離觀察軟絲生態。\n3.東北季風影響時，因為迎風面浪大不宜下水。,https://www.mingdiving.com/thenortheastcoast,img/map_img/47.jpg
龍洞2號,北部地區,新北市,228新北市貢寮區龍洞街63-8號,25.11416872,121.9133884,,null,null,1.此處在水道中有數塊暗礁，水深不及一米。\n2.風浪較大時，會產生不規則亂流，對新手而言，需要特別小心，一旦通過暗礁，則是一片平坦。\n3.此處魚類以雀鯛居多，海星隨處可見，獅子魚、石狗公出現機率頗高。,https://www.mingdiving.com/thenortheastcoast,img/map_img/48.jpg
龍洞3號,北部地區,新北市,228新北市貢寮區龍洞街35-2號,25.1121126,121.9169991,,null,null,"1.位於龍洞漁港面海右邊，上下岸方便，是初級潛水的好地方。\n2.此處地形安全；潛水人員很多，但魚類較少。\n3.初級潛點,岸潛。",https://www.mingdiving.com/thenortheastcoast,img/map_img/49.jpg
龍洞4號,北部地區,新北市,228新北市貢寮區龍洞街35-2號,25.11327742,121.9197311,,null,null,1.地形單純。適合初級潛水員。\n2.此處礁頂有固定居住一定數量之天竺鯛、笛鯛、雀鯛等等魚種。\n3.礁石上也有各類海蛞蝓與釉彩臘膜蝦，五月或九月也有機會看到紅魽魚群迴遊。,https://www.mingdiving.com/thenortheastcoast,img/map_img/50.jpg
蚊子坑,北部地區,新北市,228新北市貢寮區和美里,25.09306342,121.916026,,null,null,1.蚊子坑位在龍洞南口公園至和美社區83.9K處。\n2.這裡沒有瑰麗的海洋奇景，但有可愛的小丑魚、石狗公、繽紛小魚群。\n3.中級潛點。岸潛。,https://www.mingdiving.com/thenortheastcoast,img/map_img/51.jpg
水晶宮,北部地區,新北市,224新北市瑞芳區,25.13473915,121.8151204,,null,null,1.整片海域也是海扇遍布，堪稱海扇森林。\n2.生態極為豐富。\n3.每株海扇動輒比人還大。,https://smiletaiwan.cw.com.tw/article/3706,img/map_img/52.jpg
象鼻岩放流點,北部地區,新北市,224新北市瑞芳區,25.13506585,121.8185848,,4.4,10669,1.風景非常漂亮，可以眺望整個北海岸，從三貂角到鼻頭角都能一覽無遺。\n2.要走一段海邊才能看到象鼻岩本人，務必穿好走的鞋子。\n3.位於深澳漁港，附近有一個蠻大的停車場，步行約十分鐘可以抵達象鼻岩。,"https://www.google.com/search?q=%E6%96%B0%E5%8C%97%E5%B8%82+%E6%B7%B1%E5%A5%A7%E8%B1%A1%E9%BC%BB&ei=xdTRZK3AMuza1e8Pqt6BsA0&ved=0ahUKEwjttp6nrMyAAxVsbfUHHSpvANYQ4dUDCBA&uact=5&oq=%E6%96%B0%E5%8C%97%E5%B8%82+%E6%B7%B1%E5%A5%A7%E8%B1%A1%E9%BC%BB&gs_lp=Egxnd3Mtd2l6LXNlcnAiFuaWsOWMl-W4giDmt7HlpafosaHpvLsyBxAhGKABGAoyBxAhGKABGAoyBxAhGKABGApIiQtQ3AZY3AZwAXgBkAEAmAHaAaAB2gGqAQMyLTG4AQPIAQD4AQHCAgoQABhHGNYEGLAD4gMEGAAgQYgGAZAGCg&sclient=gws-wiz-serp#lrd=0x345d459d0b0a7a47:0x32cafc916cffb957,1,,,,",img/map_img/53.jpg
玫瑰花園,北部地區,新北市,224新北市瑞芳區,25.13234603,121.8239979,,null,null,無,無,img/map_img/54.jpg
豆腐岬,北部地區,宜蘭縣,270宜蘭縣蘇澳鎮,24.5838643,121.8714373,,4.2,5500,1.美麗的環境。\n2.合理的價格。\n3.假日非常多人在這裡從事水上活動。,"https://www.google.com/search?q=%E5%AE%9C%E8%98%AD%E8%B1%86%E8%85%90%E5%B2%AC&ei=89XRZMjWFJPo-AbClLiIAQ&gs_ssp=eJzj4tFP1zfMM04pN6gssDRgtFI1qDA2MTNPtTA2TbRMMzcxTjK1AgqlpCQaJaVYGKcmm6WYGqZ58T9dN-fFjLUvNra9aJ3wdNMaAOgzGgQ&oq=%E5%AE%9C%E8%98%AD%E8%B1%86%E8%85%90%E5%B3%BD&gs_lp=Egxnd3Mtd2l6LXNlcnAiD-WunOiYreixhuiFkOWzvSoCCAAyDRAuGK8BGMcBGIAEGAoyBxAAGIAEGAoyBxAAGIAEGAoyBxAAGIAEGAoyBxAAGIAEGAoyDRAuGIAEGMcBGK8BGAoyHBAuGK8BGMcBGIAEGAoYlwUY3AQY3gQY4ATYAQFI8x5QAFiwCnAAeAGQAQCYAXKgAaQEqgEDMC41uAEByAEA-AEBwgIFEAAYogTCAhwQLhiABBjHARivARgKGJcFGNwEGN4EGOAE2AEB4gMEGAAgQYgGAboGBggBEAEYFA&sclient=gws-wiz-serp#lrd=0x3467e835a9f743b5:0x3dda2bd83ec6d51f,1,,,,",img/map_img/55.jpg
粉鳥林,北部地區,宜蘭縣,270宜蘭縣蘇澳鎮,24.49727166,121.8431698,,null,null,1.粉鳥林時常也會有人來潛水或是獨木舟。\n2.會潛水、浮潛、不怕水、想玩獨木舟的朋友們，可以來看看這的海底世界有什麼不一樣的東西，但還是要請大家，安全第一！\n3.因為早期這裡有許多野生鴿子棲息，臺語的鴿子唸做「粉鳥」，「粉鳥林」便因此而得名。,https://keketravel.cc/amp/85/,img/map_img/56.jpg
石梯坪,東部地區,花蓮縣,977花蓮縣豐濱鄉臺11線,23.48869398,121.5137846,,4.4,4183,1.海景超美。\n2.景點療愈。\n3.放慢腳步走向海邊。,"https://www.google.com/search?q=%E7%9F%B3%E6%A2%AF%E5%9D%AA%E9%81%8A%E6%86%A9%E9%A2%A8%E6%99%AF%E5%8D%80&ei=EdfRZJzAJY2H-Qb_kIJI&ved=0ahUKEwjcjMK_rsyAAxWNQ94KHX-IAAkQ4dUDCBA&uact=5&oq=%E7%9F%B3%E6%A2%AF%E5%9D%AA%E9%81%8A%E6%86%A9%E9%A2%A8%E6%99%AF%E5%8D%80&gs_lp=Egxnd3Mtd2l6LXNlcnAiGOefs-air-WdqumBiuaGqemiqOaZr-WNgDILEC4YrwEYxwEYgAQyBRAAGIAEMgYQABgeGA8yBhAAGB4YDzIaEC4YrwEYxwEYgAQYlwUY3AQY3gQY4ATYAQFIlAhQhARYhARwAXgBkAEAmAFtoAFtqgEDMC4xuAEDyAEA-AEB-AECqAIA4gMEGAAgQYgGAboGBggBEAEYFA&sclient=gws-wiz-serp#lrd=0x346f505b19a23f2b:0xbf6923cdc9ee1c12,1,,,,",img/map_img/57.jpg
杉原灣,東部地區,臺東縣,954臺東縣卑南鄉海水浴場,22.83076987,121.1861319,,4.7,250,1.衝浪初學者的練習地，適合各年齡層來玩。\n2.乾淨的沙清澈的海。\n3.天氣好的時候，白雲倒影映照在海面上的景致很美。,https://www.google.com/search?q=%E6%9D%89%E5%8E%9F%E7%81%A3%E6%B2%99%E7%81%98&ei=htjRZLuJMs-s-QaFy6DgCA&ved=0ahUKEwi75Lzxr8yAAxVPVt4KHYUlCIwQ4dUDCBA&uact=5&oq=%E6%9D%89%E5%8E%9F%E7%81%A3%E6%B2%99%E7%81%98&gs_lp=Egxnd3Mtd2l6LXNlcnAiD-adieWOn-eBo-aymeeBmDIFEAAYgAQyBRAAGIAESLcDUABYAHAAeAGQAQCYAW-gAW-qAQMwLjG4AQPIAQD4AQL4AQHiAwQYACBBiAYB&sclient=gws-wiz-serp#rlimm=15274888579075462334,img/map_img/58.jpg
三仙臺,東部地區,臺東縣,961臺東縣成功鎮,23.12689065,121.4221268,,null,null,1.現在三仙臺周邊海底生態相當豐富。\n2.國際聞名的豆丁海馬，這兒目擊率非常高。\n3.海底10公尺礁石上的軟珊瑚覆蓋率幾乎100％。,https://www.setn.com/News.aspx?NewsID=893623,img/map_img/59.jpg
中寮漁港,東部地區,臺東縣,951臺東縣綠島鄉,22.67565232,121.472588,,4.5,220,1.生物多且可以一直玩。\n2.水深適合游泳練習。\n3.潮間帶生態體驗不錯。,"https://www.google.com/search?q=%E4%B8%AD%E5%AF%AE%E6%BC%81%E6%B8%AF%0D%0A&ei=CNzRZLnvGc6M-Abo14GoAQ&ved=0ahUKEwi5k76ds8yAAxVOBt4KHehrABUQ4dUDCBA&uact=5&oq=%E4%B8%AD%E5%AF%AE%E6%BC%81%E6%B8%AF%0D%0A&gs_lp=Egxnd3Mtd2l6LXNlcnAiDeS4reWvrua8gea4rwpIAFAAWABwAHgAkAEAmAEAoAEAqgEAuAEDyAEA-AEC-AEB4gMEGAAgQQ&sclient=gws-wiz-serp#lrd=0x346f8da36ad375bb:0xaebd0d723bebce70,1,,,,",img/map_img/60.jpg
黑毛礁,東部地區,臺東縣,951臺東縣綠島鄉,22.68014256,121.4798349,,null,null,1.黑毛礁位於綠島的柴口保育區，特色是由巨型的團塊微孔形成層層相疊的礁石。\n2.此處礁頂約7米，礁底約14米，同時適合新手與老手。\n3.應注意: 上下岸的腳步安全、綁下潛繩時應挑選非敏感的礁石。,https://www.happyminimi.com/2661221475406572761130977.html,img/map_img/61.jpg
柴口,東部地區,臺東縣,95142臺東縣綠島鄉柴口61號,22.6766976,121.4829034,,4.6,955,1.海底視野很好，清澈透明。\n2.海洋生態豐富，魚群多樣。\n3.有著名的尖翅燕魚郵筒，適合拍照。,"https://www.google.com/search?q=%E6%9F%B4%E5%8F%A3%0D%0A&ei=jN3RZLDqOqiB2roPna-m6Ac&ved=0ahUKEwiw4ODWtMyAAxWogFYBHZ2XCX0Q4dUDCBA&uact=5&oq=%E6%9F%B4%E5%8F%A3%0D%0A&gs_lp=Egxnd3Mtd2l6LXNlcnAiB-aftOWPowpI3gZQlwNYlwNwAXgAkAEAmAEAoAEAqgEAuAEDyAEA-AEB-AECqAIA4gMEGAAgQYgGAQ&sclient=gws-wiz-serp#lrd=0x346f8db0fff41a1f:0x30880968a257b4cf,1,,,,",img/map_img/62.jpg
公館鼻,東部地區,臺東縣,951臺東縣綠島鄉,22.676215,121.493002,,4.6,55,1.綠島石山是臺灣重要的史前遺址。\n2.山頂可欣賞綠島燈塔、石牛山和綠島監獄。\n3.夕陽景色迷人，放空心情，欣賞大自然的美景。,"https://www.google.com/search?q=%E5%85%AC%E9%A4%A8%E9%BC%BB%0D%0A&ei=nN3RZNuAN7-12roPi-algA8&ved=0ahUKEwjbvq3etMyAAxW_mlYBHQtzCfAQ4dUDCBA&uact=5&oq=%E5%85%AC%E9%A4%A8%E9%BC%BB%0D%0A&gs_lp=Egxnd3Mtd2l6LXNlcnAiCuWFrOmkqOm8uwpI3w1QxgZYxgZwAngBkAEAmAEAoAEAqgEAuAEDyAEA-AEB-AECqAIA4gMEGAAgQYgGAQ&sclient=gws-wiz-serp#lrd=0x346f8c4b4b24d6b7:0x6f97faac4147d180,1,,,,",img/map_img/63.jpg
將軍岩,東部地區,臺東縣,123臺東縣綠島鄉951東邊海岸,22.6766718,121.4957395,,4.5,222,1.綠島東北部海岸的安山岩巨石群形成堅毅嚴峻的將軍景觀。\n2.蔚藍的海洋和綠茵盎然的綠地營造出秀麗的風景。\n3.觀賞日出時，身心得到舒放，讓人讚嘆鬼斧神工的大自然藝術。,"https://www.google.com/search?q=%E5%B0%87%E8%BB%8D%E5%B2%A9%0D%0A&ei=-93RZO-RBcqu2roP0M6i-AY&ved=0ahUKEwiv-6GLtcyAAxVKl1YBHVCnCG8Q4dUDCBA&uact=5&oq=%E5%B0%87%E8%BB%8D%E5%B2%A9%0D%0A&gs_lp=Egxnd3Mtd2l6LXNlcnAiCuWwh-i7jeWyqQpIAFAAWABwAHgBkAEAmAEAoAEAqgEAuAEDyAEA-AEC-AEB4gMEGAAgQQ&sclient=gws-wiz-serp#lrd=0x346f8c5400000001:0x94a5c4fe26a2421b,1,,,,",img/map_img/64.jpg
豆丁礁,東部地區,臺東縣,951臺東縣綠島鄉,22.67834348,121.4932005,,4.6,147,1.假日非常熱鬧，但非假日去不容易排隊。\n2.海底世界真的很漂亮，潛水是一個人生中解鎖的第一次體驗。\n3.綠島的海馬郵筒是一個必去的打卡景點，令人留連忘返。,"https://www.google.com/search?q=%E7%B6%A0%E5%B3%B6%E8%B1%86%E4%B8%81%E7%A4%81&ei=ceDRZMnQBPHN1e8P3MGyqAQ&ved=0ahUKEwiJzdW3t8yAAxXxZvUHHdygDEUQ4dUDCBA&uact=5&oq=%E7%B6%A0%E5%B3%B6%E8%B1%86%E4%B8%81%E7%A4%81&gs_lp=Egxnd3Mtd2l6LXNlcnAiD-e2oOWztuixhuS4geekgTIFEAAYogQyBRAAGKIEMgUQABiiBDIFEAAYogRI2hRQAFjLD3AAeAGQAQCYAXugAZgFqgEDNS4yuAEDyAEA-AEB4gMEGAAgQYgGAQ&sclient=gws-wiz-serp#lrd=0x346e03b53cb63147:0x3ac9e1cfad7a458d,1,,,,",img/map_img/65.jpg
一線天,東部地區,臺東縣,951臺東縣綠島鄉,22.68109827,121.4931103,,null,null,1.一線天位於公館外海，與大峽谷相鄰而居。兩者皆屬強流切割出的地形，銳利且壯觀，難度也相對較高。\n2.四周為峭壁，海扇層次分明，珊瑚覆蓋率高，大批的魚群、小型生物分布於此。\n3.此區為常態性的流強水大。下次來潛水時，記得要先請教當地經驗豐富的船家及教練評估海況。,https://www.facebook.com/tdc79838170/posts/2554420471236349/?locale=zh_CN,img/map_img/66.jpg
大峽谷,東部地區,臺東縣,951臺東縣綠島鄉,22.68827349,121.4904579,,null,null,1.最大深度32.6m、平均深度18.1m。\n2.此潛點地形有如切割狀的斷層，兩側垂直峭壁形成峽谷景觀，氣勢壯闊，穿過峽谷可見生長完整的大海扇。\n3.密密麻麻的金花鱸魚、擬羊魚群、烏尾冬悠遊在此，往峭壁另一端的深藍海望去，偶爾還能遇見大型魚類上演餵食秀。,https://www.mingdiving.com/blog/diving103,img/map_img/67.jpg
三塊石,東部地區,臺東縣,951臺東縣綠島鄉環島公路,22.63969412,121.4907967,,3,5,1.深潛景點之一。\n2.好多海底生物。\n3.海邊很藍很漂亮。,"https://www.google.com/search?q=%E7%B6%A0%E5%B3%B6%E4%B8%89%E5%A1%8A%E7%9F%B3%0D%0A&ei=IOHRZJL2F5_d1e8Pxp6h6Ao&ved=0ahUKEwiShqKLuMyAAxWfbvUHHUZPCK0Q4dUDCBA&uact=5&oq=%E7%B6%A0%E5%B3%B6%E4%B8%89%E5%A1%8A%E7%9F%B3%0D%0A&gs_lp=Egxnd3Mtd2l6LXNlcnAiEOe2oOWztuS4ieWhiuefswpIAFAAWABwAHgBkAEAmAEAoAEAqgEAuAEDyAEA-AEC-AEB4gMEGAAgQQ&sclient=gws-wiz-serp#lrd=0x346f8d200cd4e955:0xae0a42096a6d786e,1,,,,",img/map_img/68.jpg
仙人疊石,東部地區,臺東縣,951臺東縣綠島鄉,22.6589914,121.5072898,,4.8,9,1.綠島秘境景色壯麗，有特有的柱狀節理景觀，形狀像金字塔。\n2.秘境附近有海蝕洞和小丑魚的家，可以跳水和觀察海洋生物。\n3.前往綠島秘境需要走一段難度較高的山路，但是美景值得一切努力。,"https://www.google.com/search?q=%E7%B6%A0%E5%B3%B6%E4%BB%99%E4%BA%BA%E7%96%8A%E7%9F%B3%0D%0A&ei=XeHRZLbOBv_m1e8PiPWJaA&ved=0ahUKEwj28JuouMyAAxV_c_UHHYh6Ag0Q4dUDCBA&uact=5&oq=%E7%B6%A0%E5%B3%B6%E4%BB%99%E4%BA%BA%E7%96%8A%E7%9F%B3%0D%0A&gs_lp=Egxnd3Mtd2l6LXNlcnAiE-e2oOWztuS7meS6uueWiuefswoyChAAGEcY1gQYsAMyChAAGEcY1gQYsAMyChAAGEcY1gQYsAMyChAAGEcY1gQYsAMyChAAGEcY1gQYsAMyChAAGEcY1gQYsAMyChAAGEcY1gQYsAMyChAAGEcY1gQYsAMyChAAGEcY1gQYsAMyChAAGEcY1gQYsANImglQsgRYsgRwAXgBkAEAmAEAoAEAqgEAuAEDyAEA-AEC-AEB4gMEGAAgQYgGAZAGCg&sclient=gws-wiz-serp#lrd=0x346f8d3f8439dbd1:0xa385a71b201f2260,1,,,,",img/map_img/70.jpg
柚子湖,東部地區,臺東縣,951臺東縣綠島鄉,22.66563416,121.5100447,,4.5,695,1.入口風景超美。\n2.適合拍照和拍攝。\n3.附近的海灘可以進入。,"https://www.google.com/search?q=%E6%9F%9A%E5%AD%90%E6%B9%96&ei=d-LRZNfgH4-2oATHsYPYCQ&ved=0ahUKEwiX-PCuucyAAxUPG4gKHcfYAJsQ4dUDCBA&uact=5&oq=%E6%9F%9A%E5%AD%90%E6%B9%96&gs_lp=Egxnd3Mtd2l6LXNlcnAiCeafmuWtkOa5ljINEC4YrwEYxwEYigUYQzIFEAAYgAQyBRAAGIAEMgUQABiABDILEC4YgAQYxwEYrwEyBRAAGIAEMgUQABiABDIFEAAYgAQyBxAAGIoFGEMyCRAAGAcYHhjxBDIcEC4YrwEYxwEYigUYQxiXBRjcBBjeBBjgBNgBAUjJAVAAWABwAHgBkAEAmAFfoAFfqgEBMbgBA8gBAPgBAeIDBBgAIEGIBgG6BgYIARABGBQ&sclient=gws-wiz-serp#lrd=0x346f8c5c78eaa095:0x7e9c6d393dd7aff5,1,,,,",img/map_img/71.jpg
仙掌森林,東部地區,臺東縣,951臺東縣綠島鄉,22.66776488,121.5115434,,null,null,無,無,img/map_img/72.jpg
大白沙,東部地區,臺東縣,951臺東縣綠島鄉,22.63848472,121.4906913,,4.8,136,1.透明的海水和白色沙灘很適合浮潛和拍照。\n2.旅程讓人感到無比放鬆自由自在。\n3.大片的白色沙灘讓人有很多拍照的機會。,"https://www.google.com/search?q=%E7%B6%A0%E5%B3%B6%E5%A4%A7%E7%99%BD%E6%B2%99%0D%0A&ei=iePRZOedEp7i1e8PpJGCiA8&ved=0ahUKEwinhrexusyAAxUecfUHHaSIAPEQ4dUDCBA&uact=5&oq=%E7%B6%A0%E5%B3%B6%E5%A4%A7%E7%99%BD%E6%B2%99%0D%0A&gs_lp=Egxnd3Mtd2l6LXNlcnAiEOe2oOWztuWkp-eZveaymQoyChAAGEcY1gQYsAMyChAAGEcY1gQYsAMyChAAGEcY1gQYsAMyChAAGEcY1gQYsAMyChAAGEcY1gQYsAMyChAAGEcY1gQYsAMyChAAGEcY1gQYsAMyChAAGEcY1gQYsAMyChAAGEcY1gQYsAMyChAAGEcY1gQYsANIwAhQ0QJY0QJwAXgBkAEAmAEAoAEAqgEAuAEDyAEA-AEC-AEB4gMEGAAgQYgGAZAGCg&sclient=gws-wiz-serp#lrd=0x346f8d208870e7c9:0x7862f3990e9ee999,1,,,,",img/map_img/73.jpg
獨立礁,東部地區,臺東縣,951臺東縣綠島鄉,22.63856394,121.4921719,,null,null,1.位於大白沙步道外海的突出礁石，此處共有四座獨立礁石，深度從18米~31米，依序越來越深，屬於強流區。\n2.隨處可見大片的軟珊瑚海，形成壯觀的美景，請潛水客們保持良好的中性浮力，避免碰觸到。\n3.建議方式-船潛。,https://www.happydive.tw/divesite.html,img/map_img/74.jpg
教堂,東部地區,臺東縣,951臺東縣綠島鄉,22.63933631,121.4921719,,null,null,"1.是由黑色的火山岩塊經過長時間的海浪侵蝕而成。\n2.峭壁內、外周圍亦有許多的珊瑚、魚類居住在此處。\n3.峭壁岩石面和珊瑚礁岩互相交疊，因而形成尖頂拱門撞，
加上岩石頂部的隙縫，光線直射而下，形成漂亮的耶穌光。",https://www.happydive.tw/divesite.html,img/map_img/75.jpg
鋼鐵礁,東部地區,臺東縣,951臺東縣綠島鄉,22.63917788,121.4912706,,null,null,1.鋼鐵礁位於龜灣及大白沙海域中間，馬蹄橋外由鋼鐵打造之人工魚礁。\n2.由四座三層品字型的鋼鐵組成，最靠近水面第一層礁頂約20米，中間第二層約25米，最底下一層大約位在30米的沙床底部。\n3.終年受惠於黑潮經過，因此這個潛點擁有溫暖水溫、豐富生態以及高能見度。,https://www.potatomedia.co/post/dfc137f9-92b7-44b8-9a54-5b9ef2edbb3c,img/map_img/76.jpg
馬蹄橋,東部地區,臺東縣,951臺東縣綠島鄉,22.63974708,121.4915663,,null,null,1.馬蹄橋下方的海洋地質景觀，主要是以黑火山岩形成的海蝕地形。\n2.珊瑚礁群在長時間的海水侵蝕下，沖蝕出拱門型的峭壁面，當陽光從岩頂上的細縫照射進岩穴中，宛如聖光般的獨特景色。\n3.適合有經驗的進階潛水客。,https://greenislandzine.com/c005/#lwptoc4,img/map_img/77.jpg
龜灣鼻,東部地區,臺東縣,951臺東縣綠島鄉,22.64659007,121.472954,,null,null,1.龜灣是一處由兩個沿岸流交會的潛點，一道由石朗從北到南的海流，另一道是從烏鬼洞由東向西的海流到達龜灣。\n2.水深約15到30米之間。\n3.此處最大的特色在大面積的白蘆莖珊瑚群聚，各式珊瑚完整且數量眾多，海龜在此處經常發現。,http://dive.com.tw/greenisland/d_kueiwan.aspx?site_id=26,img/map_img/78.jpg
雞仔礁,東部地區,臺東縣,951臺東縣綠島鄉,22.64296427,121.48178,,null,null,"1.雞仔礁是由一個超大型的珊瑚礁盤所構成。\n2.因為地形變化太大,海流相當強勁,許多大型洄游性魚類都在此聚集覓食。\n3.在這個潛點潛水必須有周詳的潛水計畫,必須由熟悉地形的潛導帶領才可避免不必要的危險狀況產生。",http://dive.com.tw/greenisland/d_chick.aspx?site_id=7,img/map_img/79.jpg
海底郵筒,東部地區,臺東縣,951臺東縣綠島鄉漁港路,22.65517826,121.4731667,,4.6,147,1.假日非常熱鬧，但非假日去不容易排隊。\n2.海底世界真的很漂亮，潛水是一個人生中解鎖的第一次體驗。\n3.綠島的海馬郵筒是一個必去的打卡景點，令人留連忘返。,"https://www.google.com/search?q=%E7%B6%A0%E5%B3%B6%E6%B5%B7%E5%BA%95%E9%83%B5%E7%AD%92%0D%0A&ei=lOXRZOXGNMOM-QbW45mABQ&ved=0ahUKEwjl4IqrvMyAAxVDRt4KHdZxBlAQ4dUDCBA&uact=5&oq=%E7%B6%A0%E5%B3%B6%E6%B5%B7%E5%BA%95%E9%83%B5%E7%AD%92%0D%0A&gs_lp=Egxnd3Mtd2l6LXNlcnAiE-e2oOWztua1t-W6lemDteetkgoyCBAAGIAEGLADSOkPULMLWLMLcAJ4AJABAJgBAKABAKoBALgBA8gBAPgBAvgBAeIDBBgBIEGIBgGQBgE&sclient=gws-wiz-serp#lrd=0x346e03b53cb63147:0x3ac9e1cfad7a458d,1,,,,",img/map_img/80.jpg
破沉箱,東部地區,臺東縣,951臺東縣綠島鄉,22.65657072,121.4737977,,null,null,1.這裡的深度大約3-8米，很適合自由潛水新手。\n2.沉箱其實是一種水下工程的手法，是一個混凝土大型立方體，裡面是中空。\n3.這個潛點可以看到破碎的立方體環繞四周。,https://shan2020.pixnet.net/blog/post/37898203,img/map_img/81.jpg
大香菇,東部地區,臺東縣,951臺東縣綠島鄉,22.65527516,121.4718768,,null,null,1.曾經是全世界最大的微孔珊瑚礁。\n2.在2016的一場颱風-莫蘭蒂，大香菇就這樣倒塌了。\n3.大香菇屬於中級潛點。,https://www.oceaniangreenisland.com/%E5%A4%A7%E9%A6%99%E8%8F%87/,img/map_img/82.jpg
十字礁,東部地區,臺東縣,951臺東縣綠島鄉,22.65604358,121.4723239,,null,null,無,無,img/map_img/83.jpg
小丑島,東部地區,臺東縣,951臺東縣綠島鄉,22.65666641,121.4738139,,null,null,1.下潛15米處，潔白底砂間隔幾座大小佈滿軟珊礁石。\n2.水清完全無流狀態。\n3.像極了在一個超大型水族箱裏。,https://shie6262.pixnet.net/blog/post/231356569-%E5%8F%B0%E7%81%A3%E4%B8%96%E7%95%8C%E7%B4%9A%E7%9A%84%E6%BD%9B%E9%BB%9E~%E7%B6%A0%E5%B3%B6,img/map_img/84.jpg
後花園,東部地區,臺東縣,951臺東縣綠島鄉,22.65455526,121.4722625,,null,null,無,無,img/map_img/85.jpg
六米礁,東部地區,臺東縣,951臺東縣綠島鄉,22.65353086,121.4720975,,null,null,1.平臺上滿滿都是金花鱸與各種隆頭魚。\n2.要注意六米礁的沿岸流相當強勁，最好選擇船潛的方式比較妥當。\n3.流強水深，一定要請潛導作潛水計畫與報告。,http://dive.com.tw/greenisland/d_sixmeter.aspx?site_id=5,img/map_img/86.jpg
斜坡花園,東部地區,臺東縣,951臺東縣綠島鄉,22.65390263,121.4719053,,null,null,無,無,img/map_img/87.jpg
機場外礁,東部地區,臺東縣,952臺東縣蘭嶼鄉,22.01952055,121.5334349,,null,null,1.在機場外的海域，有一座突出海面的三角形礁岩，這裡就是機場外礁。\n2.外礁長得像一根竹筍，生態豐富，常有迴游性魚經過。\n3.飛魚季期間禁止在這潛水。,https://msocean.com.tw/archives/4048,img/map_img/88.jpg
八代灣沉船,東部地區,臺東縣,952臺東縣蘭嶼鄉,22.01685864,121.5490159,,null,null,1.世界級的潛點。\n2.八代灣沈船算是高級潛點，容易浪大、流強、深度最深處大約36米。\n3.現在的船體仍然相當完整、有很多區域可以探索，現在成為一個大型生態系，是很多珊瑚及水下生物的家。,https://jjphoto.tw/taiwan-lanyu-badaiwan-ship/,img/map_img/89.jpg
蘭恩,東部地區,臺東縣,952臺東縣蘭嶼鄉,22.02420856,121.5388245,,null,null,1.蘭恩也是蘭嶼熱門的浮潛熱點。\n2.水深約7至9米，岩石中間水深約5米處有一個小拱門。\n3.在潛點一旁正好就是飛機跑道，還有機會在海上欣賞飛機降落的英姿喔。,https://www.klook.com/zh-TW/blog/diving-lanyu-taitung/,img/map_img/90.jpg
漁人舊部落港灣,東部地區,臺東縣,952臺東縣蘭嶼鄉,22.02558206,121.5426642,,null,null,1.在漂流木餐廳底下的漁人部落港灣，是當地小孩的戲水區。\n2.可以進入10多米的海域。\n3.唯一要注意的是，港灣斜坡濕滑，不要滑倒了。,https://www.google.com/maps/d/viewer?mid=1LPrI2CIL1s4D1Ck8k6KAE4MtxdXUxf27&hl=en_US&ll=22.02557500000001%2C121.54265199999999&z=12,img/map_img/91.jpg
椰油斷層,東部地區,臺東縣,952臺東縣蘭嶼鄉,22.05086756,121.5098466,,null,null,1.當深度來到22米左右時，原來的緩坡地形會突然變成陡降坡，這裡就是椰油斷層的起點。\n2.當你來到斷層起點時，也代表已經離岸超過百米，小心海流。\n3.若海面上有漁網，請勿下水，以免影響當地抓魚的漁獲。,https://msocean.com.tw/archives/3999,img/map_img/92.jpg
開元港藍洞,東部地區,臺東縣,952臺東縣蘭嶼鄉,22.05633311,121.5066294,,4.3,75,1.非常美麗的港口，海水清澈見底。\n2.這裡是進出蘭嶼的港口也是初階潛水的地點。\n3.這裡的潛點有花園鰻魚可以觀賞,"https://www.google.com/search?q=%E8%98%AD%E5%B6%BC%E9%96%8B%E5%85%83%E6%B8%AF%E8%97%8D%E6%B4%9E%0D%0A&ei=4-jRZJLfA4ml-Qajn7KICQ&ved=0ahUKEwjS3Mq-v8yAAxWJUt4KHaOPDJEQ4dUDCBA&uact=5&oq=%E8%98%AD%E5%B6%BC%E9%96%8B%E5%85%83%E6%B8%AF%E8%97%8D%E6%B4%9E%0D%0A&gs_lp=Egxnd3Mtd2l6LXNlcnAiFuiYreW2vOmWi-WFg-a4r-iXjea0ngoyChAAGEcY1gQYsAMyChAAGEcY1gQYsAMyChAAGEcY1gQYsAMyChAAGEcY1gQYsAMyChAAGEcY1gQYsAMyChAAGEcY1gQYsAMyChAAGEcY1gQYsAMyChAAGEcY1gQYsAMyChAAGEcY1gQYsAMyChAAGEcY1gQYsANIgQdQ4gJY4gJwAXgBkAEAmAEAoAEAqgEAuAEDyAEA-AEC-AEB4gMEGAAgQYgGAZAGCg&sclient=gws-wiz-serp#lrd=0x34700ee3e0e8937d:0x677e3aba53515481,1,,,,",img/map_img/93.jpg
椰油浮潛區,東部地區,臺東縣,952臺東縣蘭嶼鄉,22.0776057,121.5031239,,null,null,1.如果是東北季風未減弱的時節來的話，椰油浮潛區是個不錯的潛點選擇，可說是一處天然避風港。\n2.深度約10米，一下水就可以看到珊瑚及小丑魚。\n3.注意事項：切勿游出凹岸的右方，該處為激流區。,https://www.welcometw.com/%E8%98%AD%E5%B6%BC%E6%BD%9B%E9%BB%9E%E6%8E%A8%E8%96%A6%EF%BD%9C%E8%98%AD%E5%B6%BC%E6%B0%B4%E4%B8%8A%E6%B4%BB%E5%8B%95%E6%B5%AE%E6%BD%9B%E3%80%81%E6%B7%B1%E6%BD%9B%E3%80%81%E6%BD%9B%E6%B0%B4/#2_%E6%A4%B0%E6%B2%B9%E6%B5%AE%E6%BD%9B%E5%8D%80%EF%BC%88%E6%B4%9E%E5%8F%A3%EF%BC%89,img/map_img/94.jpg
玉女岩,東部地區,臺東縣,952臺東縣蘭嶼鄉,22.08207818,121.517715,,null,null,1.位在蘭嶼北面的玉女岩旁，有一處容易上下岸的海岸，是水肺體驗潛水的熱門潛點。\n2.玉女岩外礁就是外面露出海面上的那塊礁岩，礁底有一個貫通礁岩的海底洞穴，深15米，長約25米。\n3.入口陰暗，但洞內寬敞，是個頗具挑戰性的洞穴。,https://msocean.com.tw/archives/3999,img/map_img/95.jpg
朗島秘境,東部地區,臺東縣,952臺東縣蘭嶼鄉,22.08133686,121.5225239,,4.6,593,1.水質清澈。\n2.免費消暑的好地點。\n3.安全、安心、漂亮的浮潛去處。,"https://www.google.com/search?q=%E6%9C%97%E5%B3%B6%E7%A7%98%E5%A2%83%0D%0A&ei=zfDRZIzoDJXa-Qa797-ABw&ved=0ahUKEwjMgt2Ex8yAAxUVbd4KHbv7D3AQ4dUDCBA&uact=5&oq=%E6%9C%97%E5%B3%B6%E7%A7%98%E5%A2%83%0D%0A&gs_lp=Egxnd3Mtd2l6LXNlcnAiDeacl-WztuenmOWigwpI_AdQugNYugNwAXgBkAEAmAEAoAEAqgEAuAEDyAEA-AEB-AECqAIA4gMEGAAgQYgGAQ&sclient=gws-wiz-serp#lrd=0x34700f477edc2e55:0xee5579974a397386,1,,,,",img/map_img/96.jpg
母雞岩外礁,東部地區,臺東縣,952臺東縣蘭嶼鄉,22.0830151,121.5587245,,null,null,1.從母雞岩浮潛區下水，往10-11點鐘方向踢大約200多公尺，可以看到在海底的母雞岩外礁，一大一小並排。\n2.礁頂2-3米、礁底21米，兩顆礁岩間的裂縫深約18米。\n3.有大量金花鱸居住。,https://msocean.com.tw/archives/4048,img/map_img/97.jpg
雙獅岩,東部地區,臺東縣,952臺東縣蘭嶼鄉,22.08515017,121.5672812,,4.6,505,1.有趣的獅子和蟾蜍形狀，搭配海景和天空拍起來蠻氣派的。\n2.夜景全島最美，銀河超清晰，比氣象站還適合看星星。\n3.附近潛水點很美。,"https://www.google.com/search?q=%E9%9B%99%E7%8D%85%E5%B2%A9%0D%0A&ei=XPHRZLf4I6HUhwP1prewAw&ved=0ahUKEwi3lozJx8yAAxUh6mEKHXXTDTYQ4dUDCBA&uact=5&oq=%E9%9B%99%E7%8D%85%E5%B2%A9%0D%0A&gs_lp=Egxnd3Mtd2l6LXNlcnAiCumbmeeNheWyqQpIAFAAWABwAHgBkAEAmAEAoAEAqgEAuAEDyAEA-AEC-AEB4gMEGAAgQQ&sclient=gws-wiz-serp#lrd=0x3470089a4101b4d5:0x8db99cf6b76e0925,1,,,,",img/map_img/98.jpg
雙獅天井,東部地區,臺東縣,952臺東縣蘭嶼鄉,22.08585084,121.5683082,,null,null,1.鑽天井不算難，只是你必須潛到13米處，然後鼓起勇氣往看不見出口的幽暗洞內前進。\n2.天井沒有其他出口，必須原路折返回外頭。\n3.要看到天井天使光要選對時間，大約在早上10點到中午1點間，是陽光較可能射入洞內的時間。,https://msocean.com.tw/archives/4048,img/map_img/99.jpg
東清七號,東部地區,臺東縣,952臺東縣蘭嶼鄉,22.07499159,121.5682765,,null,null,1.是一處適合夏季浮潛與自潛教學的海域。\n2.深度可到10多米，流不強。\n3.海邊礁岩銳利，上下岸小心。,https://msocean.com.tw/archives/3999,img/map_img/100.jpg
情人洞,東部地區,臺東縣,952臺東縣蘭嶼鄉,22.06187418,121.5733371,,4.6,937,1.浪漫的旅遊景點，適合拍照看夕陽。\n2.有一道彩虹掛在天邊。\n3.旁邊還有一個洞可以進去探險，但要注意裡面很黑。,"https://www.google.com/search?q=%E6%83%85%E4%BA%BA%E6%B4%9E%0D%0A&ei=-fHRZOniJrSn1e8PjbSGoAo&ved=0ahUKEwipw_2TyMyAAxW0U_UHHQ2aAaQQ4dUDCBA&uact=5&oq=%E6%83%85%E4%BA%BA%E6%B4%9E%0D%0A&gs_lp=Egxnd3Mtd2l6LXNlcnAiCuaDheS6uua0ngpIAFAAWABwAHgAkAEAmAEAoAEAqgEAuAEDyAEA-AEC-AEB4gMEGAAgQQ&sclient=gws-wiz-serp#lrd=0x347008f0f8b22941:0x35b881e969c41834,1,,,,",img/map_img/101.jpg
核廢料,東部地區,臺東縣,952臺東縣蘭嶼鄉,22.00761347,121.5945829,,null,null,1.這裏有兩個池，還有很多海洋生物！\n2.有蝶魚、條紋雀鯛和超多彩色鸚哥魚，還有一整窩的小丑魚家族。\n3.在這裡，戴上潛水面鏡，往海裡看，盡是色彩繽紛的魚類和珊瑚，超美的可以尋寶很久！,https://ashortyexplores.com/zh/%E8%98%AD%E5%B6%BC%E6%B5%AE%E6%BD%9B%E8%98%AD%E5%B6%BC%E7%A7%98%E5%A2%83%E6%8E%A8%E8%96%A6/#1,img/map_img/102.jpg
龍門港小香菇,東部地區,臺東縣,952臺東縣蘭嶼鄉,22.00428895,121.5811297,,null,null,1.龍門港外是一處有白沙又有珊瑚礁岩的美麗潛點，從港口內可以輕易下水。\n2.出港口時往1點鐘方向游，不遠處有一個暱稱為「蘭嶼小香菇」的珊瑚礁。\n3.礁頂8米，礁底13米，縫底躲著不少魚。,https://msocean.com.tw/archives/3999,img/map_img/103.jpg
